ISO-10303-21;
HEADER;
/* Generated by software containing ST-Developer
 * from STEP Tools, Inc. (www.steptools.com) 
 */

FILE_DESCRIPTION(
/* description */ (''),
/* implementation_level */ '2;1');

FILE_NAME(
/* name */ 
'\\\\sinsdv020.ap.infineon.com\\DES_S_PS_ACD\\Working Folder\\PG-TDSON
-8-907\\PG-TDSON-8-907_Z8B00198349_V02_3D.stp',
/* time_stamp */ '2023-07-27T12:27:49+06:00',
/* author */ ('Subramani'),
/* organization */ (''),
/* preprocessor_version */ 'ST-DEVELOPER v16.13',
/* originating_system */ 'AutoCAD Mechanical',
/* authorisation */ '');

FILE_SCHEMA (('AUTOMOTIVE_DESIGN { 1 0 10303 214 3 1 1 }'));
ENDSEC;

DATA;
#10=MECHANICAL_DESIGN_GEOMETRIC_PRESENTATION_REPRESENTATION('',(#23,#25,
#24,#27,#20,#19,#18,#29,#28,#30,#31,#21,#22,#26),#4292);
#11=PRESENTATION_LAYER_ASSIGNMENT('1','3D_Mold',(#32));
#12=PRESENTATION_LAYER_ASSIGNMENT('5','3D_Leadframe',(#33));
#13=PRESENTATION_LAYER_ASSIGNMENT('2','3D_Pins',(#34,#35,#36,#37,#38));
#14=PRESENTATION_LAYER_ASSIGNMENT('3','3D_Pin1',(#39));
#15=PRESENTATION_LAYER_ASSIGNMENT('4','3D_Logo',(#40,#41,#42,#43,#44,#45));
#16=SHAPE_REPRESENTATION_RELATIONSHIP('SRR','None',#4298,#17);
#17=ADVANCED_BREP_SHAPE_REPRESENTATION('',(#32,#33,#34,#35,#36,#37,#38,
#39,#40,#41,#42,#43,#44,#45),#4291);
#18=STYLED_ITEM('',(#4307),#32);
#19=STYLED_ITEM('',(#4307),#33);
#20=STYLED_ITEM('',(#4308),#34);
#21=STYLED_ITEM('',(#4308),#35);
#22=STYLED_ITEM('',(#4308),#36);
#23=STYLED_ITEM('',(#4308),#37);
#24=STYLED_ITEM('',(#4308),#38);
#25=STYLED_ITEM('',(#4309),#39);
#26=STYLED_ITEM('',(#4309),#40);
#27=STYLED_ITEM('',(#4309),#41);
#28=STYLED_ITEM('',(#4309),#42);
#29=STYLED_ITEM('',(#4309),#43);
#30=STYLED_ITEM('',(#4309),#44);
#31=STYLED_ITEM('',(#4309),#45);
#32=MANIFOLD_SOLID_BREP('6BA',#2639);
#33=MANIFOLD_SOLID_BREP('6BE',#2640);
#34=MANIFOLD_SOLID_BREP('6C3',#2641);
#35=MANIFOLD_SOLID_BREP('6C7',#2642);
#36=MANIFOLD_SOLID_BREP('6CB',#2643);
#37=MANIFOLD_SOLID_BREP('6CF',#2644);
#38=MANIFOLD_SOLID_BREP('6D3',#2645);
#39=MANIFOLD_SOLID_BREP('6DB',#2646);
#40=MANIFOLD_SOLID_BREP('A88',#2647);
#41=MANIFOLD_SOLID_BREP('A8C',#2648);
#42=MANIFOLD_SOLID_BREP('A90',#2649);
#43=MANIFOLD_SOLID_BREP('A94',#2650);
#44=MANIFOLD_SOLID_BREP('A98',#2651);
#45=MANIFOLD_SOLID_BREP('A9C',#2652);
#46=FACE_BOUND('',#372,.T.);
#47=FACE_BOUND('',#374,.T.);
#48=FACE_BOUND('',#444,.T.);
#49=FACE_BOUND('',#517,.T.);
#50=FACE_BOUND('',#519,.T.);
#51=CIRCLE('',#2665,0.129811285569676);
#52=CIRCLE('',#2667,0.129811285569676);
#53=CIRCLE('',#2737,0.129811285569676);
#54=CIRCLE('',#2738,0.129811285569676);
#55=CIRCLE('',#2757,0.360500000000001);
#56=CIRCLE('',#2758,0.360500000000001);
#57=CIRCLE('',#2766,0.3605);
#58=CIRCLE('',#2767,0.3605);
#59=CIRCLE('',#2773,0.360499999999999);
#60=CIRCLE('',#2774,0.360499999999999);
#61=CIRCLE('',#2780,0.3605);
#62=CIRCLE('',#2781,0.3605);
#63=CIRCLE('',#2791,0.170057974112711);
#64=CIRCLE('',#2792,0.170057974112711);
#65=CIRCLE('',#2794,0.0688560646275128);
#66=CIRCLE('',#2795,0.0688560646275128);
#67=CIRCLE('',#2797,0.180309688932675);
#68=CIRCLE('',#2798,0.180309688932675);
#69=CIRCLE('',#2810,0.236485645440708);
#70=CIRCLE('',#2811,0.236485645440708);
#71=CIRCLE('',#2813,0.197182567242748);
#72=CIRCLE('',#2814,0.197182567242748);
#73=CIRCLE('',#2816,0.186527061320855);
#74=CIRCLE('',#2817,0.186527061320855);
#75=CIRCLE('',#2819,0.189765896786857);
#76=CIRCLE('',#2820,0.189765896786857);
#77=CIRCLE('',#2822,0.197938476133904);
#78=CIRCLE('',#2823,0.197938476133904);
#79=CIRCLE('',#2825,1.2623151333838);
#80=CIRCLE('',#2826,1.2623151333838);
#81=CIRCLE('',#2831,1.32612298542494);
#82=CIRCLE('',#2832,1.32612298542494);
#83=CIRCLE('',#2834,0.281588608616981);
#84=CIRCLE('',#2835,0.281588608616981);
#85=CIRCLE('',#2837,0.135143828300618);
#86=CIRCLE('',#2838,0.135143828300618);
#87=PLANE('',#2662);
#88=PLANE('',#2663);
#89=PLANE('',#2664);
#90=PLANE('',#2668);
#91=PLANE('',#2669);
#92=PLANE('',#2670);
#93=PLANE('',#2671);
#94=PLANE('',#2672);
#95=PLANE('',#2673);
#96=PLANE('',#2674);
#97=PLANE('',#2675);
#98=PLANE('',#2676);
#99=PLANE('',#2677);
#100=PLANE('',#2678);
#101=PLANE('',#2679);
#102=PLANE('',#2680);
#103=PLANE('',#2681);
#104=PLANE('',#2682);
#105=PLANE('',#2683);
#106=PLANE('',#2684);
#107=PLANE('',#2685);
#108=PLANE('',#2686);
#109=PLANE('',#2687);
#110=PLANE('',#2688);
#111=PLANE('',#2689);
#112=PLANE('',#2690);
#113=PLANE('',#2691);
#114=PLANE('',#2692);
#115=PLANE('',#2693);
#116=PLANE('',#2694);
#117=PLANE('',#2695);
#118=PLANE('',#2696);
#119=PLANE('',#2697);
#120=PLANE('',#2698);
#121=PLANE('',#2699);
#122=PLANE('',#2700);
#123=PLANE('',#2701);
#124=PLANE('',#2702);
#125=PLANE('',#2703);
#126=PLANE('',#2704);
#127=PLANE('',#2705);
#128=PLANE('',#2706);
#129=PLANE('',#2707);
#130=PLANE('',#2708);
#131=PLANE('',#2709);
#132=PLANE('',#2710);
#133=PLANE('',#2711);
#134=PLANE('',#2712);
#135=PLANE('',#2713);
#136=PLANE('',#2714);
#137=PLANE('',#2715);
#138=PLANE('',#2716);
#139=PLANE('',#2717);
#140=PLANE('',#2718);
#141=PLANE('',#2719);
#142=PLANE('',#2720);
#143=PLANE('',#2721);
#144=PLANE('',#2722);
#145=PLANE('',#2723);
#146=PLANE('',#2724);
#147=PLANE('',#2725);
#148=PLANE('',#2726);
#149=PLANE('',#2727);
#150=PLANE('',#2728);
#151=PLANE('',#2729);
#152=PLANE('',#2730);
#153=PLANE('',#2731);
#154=PLANE('',#2732);
#155=PLANE('',#2733);
#156=PLANE('',#2734);
#157=PLANE('',#2735);
#158=PLANE('',#2739);
#159=PLANE('',#2740);
#160=PLANE('',#2741);
#161=PLANE('',#2742);
#162=PLANE('',#2743);
#163=PLANE('',#2744);
#164=PLANE('',#2745);
#165=PLANE('',#2746);
#166=PLANE('',#2747);
#167=PLANE('',#2748);
#168=PLANE('',#2749);
#169=PLANE('',#2750);
#170=PLANE('',#2751);
#171=PLANE('',#2752);
#172=PLANE('',#2753);
#173=PLANE('',#2754);
#174=PLANE('',#2755);
#175=PLANE('',#2759);
#176=PLANE('',#2760);
#177=PLANE('',#2761);
#178=PLANE('',#2762);
#179=PLANE('',#2763);
#180=PLANE('',#2764);
#181=PLANE('',#2768);
#182=PLANE('',#2769);
#183=PLANE('',#2770);
#184=PLANE('',#2771);
#185=PLANE('',#2775);
#186=PLANE('',#2776);
#187=PLANE('',#2777);
#188=PLANE('',#2778);
#189=PLANE('',#2782);
#190=PLANE('',#2783);
#191=PLANE('',#2784);
#192=PLANE('',#2785);
#193=PLANE('',#2786);
#194=PLANE('',#2787);
#195=PLANE('',#2788);
#196=PLANE('',#2789);
#197=PLANE('',#2799);
#198=PLANE('',#2800);
#199=PLANE('',#2801);
#200=PLANE('',#2802);
#201=PLANE('',#2803);
#202=PLANE('',#2804);
#203=PLANE('',#2805);
#204=PLANE('',#2806);
#205=PLANE('',#2807);
#206=PLANE('',#2808);
#207=PLANE('',#2827);
#208=PLANE('',#2828);
#209=PLANE('',#2829);
#210=PLANE('',#2839);
#211=PLANE('',#2840);
#212=PLANE('',#2841);
#213=PLANE('',#2842);
#214=PLANE('',#2843);
#215=FACE_OUTER_BOUND('',#365,.T.);
#216=FACE_OUTER_BOUND('',#366,.T.);
#217=FACE_OUTER_BOUND('',#367,.T.);
#218=FACE_OUTER_BOUND('',#368,.T.);
#219=FACE_OUTER_BOUND('',#369,.T.);
#220=FACE_OUTER_BOUND('',#370,.T.);
#221=FACE_OUTER_BOUND('',#371,.T.);
#222=FACE_OUTER_BOUND('',#373,.T.);
#223=FACE_OUTER_BOUND('',#375,.T.);
#224=FACE_OUTER_BOUND('',#376,.T.);
#225=FACE_OUTER_BOUND('',#377,.T.);
#226=FACE_OUTER_BOUND('',#378,.T.);
#227=FACE_OUTER_BOUND('',#379,.T.);
#228=FACE_OUTER_BOUND('',#380,.T.);
#229=FACE_OUTER_BOUND('',#381,.T.);
#230=FACE_OUTER_BOUND('',#382,.T.);
#231=FACE_OUTER_BOUND('',#383,.T.);
#232=FACE_OUTER_BOUND('',#384,.T.);
#233=FACE_OUTER_BOUND('',#385,.T.);
#234=FACE_OUTER_BOUND('',#386,.T.);
#235=FACE_OUTER_BOUND('',#387,.T.);
#236=FACE_OUTER_BOUND('',#388,.T.);
#237=FACE_OUTER_BOUND('',#389,.T.);
#238=FACE_OUTER_BOUND('',#390,.T.);
#239=FACE_OUTER_BOUND('',#391,.T.);
#240=FACE_OUTER_BOUND('',#392,.T.);
#241=FACE_OUTER_BOUND('',#393,.T.);
#242=FACE_OUTER_BOUND('',#394,.T.);
#243=FACE_OUTER_BOUND('',#395,.T.);
#244=FACE_OUTER_BOUND('',#396,.T.);
#245=FACE_OUTER_BOUND('',#397,.T.);
#246=FACE_OUTER_BOUND('',#398,.T.);
#247=FACE_OUTER_BOUND('',#399,.T.);
#248=FACE_OUTER_BOUND('',#400,.T.);
#249=FACE_OUTER_BOUND('',#401,.T.);
#250=FACE_OUTER_BOUND('',#402,.T.);
#251=FACE_OUTER_BOUND('',#403,.T.);
#252=FACE_OUTER_BOUND('',#404,.T.);
#253=FACE_OUTER_BOUND('',#405,.T.);
#254=FACE_OUTER_BOUND('',#406,.T.);
#255=FACE_OUTER_BOUND('',#407,.T.);
#256=FACE_OUTER_BOUND('',#408,.T.);
#257=FACE_OUTER_BOUND('',#409,.T.);
#258=FACE_OUTER_BOUND('',#410,.T.);
#259=FACE_OUTER_BOUND('',#411,.T.);
#260=FACE_OUTER_BOUND('',#412,.T.);
#261=FACE_OUTER_BOUND('',#413,.T.);
#262=FACE_OUTER_BOUND('',#414,.T.);
#263=FACE_OUTER_BOUND('',#415,.T.);
#264=FACE_OUTER_BOUND('',#416,.T.);
#265=FACE_OUTER_BOUND('',#417,.T.);
#266=FACE_OUTER_BOUND('',#418,.T.);
#267=FACE_OUTER_BOUND('',#419,.T.);
#268=FACE_OUTER_BOUND('',#420,.T.);
#269=FACE_OUTER_BOUND('',#421,.T.);
#270=FACE_OUTER_BOUND('',#422,.T.);
#271=FACE_OUTER_BOUND('',#423,.T.);
#272=FACE_OUTER_BOUND('',#424,.T.);
#273=FACE_OUTER_BOUND('',#425,.T.);
#274=FACE_OUTER_BOUND('',#426,.T.);
#275=FACE_OUTER_BOUND('',#427,.T.);
#276=FACE_OUTER_BOUND('',#428,.T.);
#277=FACE_OUTER_BOUND('',#429,.T.);
#278=FACE_OUTER_BOUND('',#430,.T.);
#279=FACE_OUTER_BOUND('',#431,.T.);
#280=FACE_OUTER_BOUND('',#432,.T.);
#281=FACE_OUTER_BOUND('',#433,.T.);
#282=FACE_OUTER_BOUND('',#434,.T.);
#283=FACE_OUTER_BOUND('',#435,.T.);
#284=FACE_OUTER_BOUND('',#436,.T.);
#285=FACE_OUTER_BOUND('',#437,.T.);
#286=FACE_OUTER_BOUND('',#438,.T.);
#287=FACE_OUTER_BOUND('',#439,.T.);
#288=FACE_OUTER_BOUND('',#440,.T.);
#289=FACE_OUTER_BOUND('',#441,.T.);
#290=FACE_OUTER_BOUND('',#442,.T.);
#291=FACE_OUTER_BOUND('',#443,.T.);
#292=FACE_OUTER_BOUND('',#445,.T.);
#293=FACE_OUTER_BOUND('',#446,.T.);
#294=FACE_OUTER_BOUND('',#447,.T.);
#295=FACE_OUTER_BOUND('',#448,.T.);
#296=FACE_OUTER_BOUND('',#449,.T.);
#297=FACE_OUTER_BOUND('',#450,.T.);
#298=FACE_OUTER_BOUND('',#451,.T.);
#299=FACE_OUTER_BOUND('',#452,.T.);
#300=FACE_OUTER_BOUND('',#453,.T.);
#301=FACE_OUTER_BOUND('',#454,.T.);
#302=FACE_OUTER_BOUND('',#455,.T.);
#303=FACE_OUTER_BOUND('',#456,.T.);
#304=FACE_OUTER_BOUND('',#457,.T.);
#305=FACE_OUTER_BOUND('',#458,.T.);
#306=FACE_OUTER_BOUND('',#459,.T.);
#307=FACE_OUTER_BOUND('',#460,.T.);
#308=FACE_OUTER_BOUND('',#461,.T.);
#309=FACE_OUTER_BOUND('',#462,.T.);
#310=FACE_OUTER_BOUND('',#463,.T.);
#311=FACE_OUTER_BOUND('',#464,.T.);
#312=FACE_OUTER_BOUND('',#465,.T.);
#313=FACE_OUTER_BOUND('',#466,.T.);
#314=FACE_OUTER_BOUND('',#467,.T.);
#315=FACE_OUTER_BOUND('',#468,.T.);
#316=FACE_OUTER_BOUND('',#469,.T.);
#317=FACE_OUTER_BOUND('',#470,.T.);
#318=FACE_OUTER_BOUND('',#471,.T.);
#319=FACE_OUTER_BOUND('',#472,.T.);
#320=FACE_OUTER_BOUND('',#473,.T.);
#321=FACE_OUTER_BOUND('',#474,.T.);
#322=FACE_OUTER_BOUND('',#475,.T.);
#323=FACE_OUTER_BOUND('',#476,.T.);
#324=FACE_OUTER_BOUND('',#477,.T.);
#325=FACE_OUTER_BOUND('',#478,.T.);
#326=FACE_OUTER_BOUND('',#479,.T.);
#327=FACE_OUTER_BOUND('',#480,.T.);
#328=FACE_OUTER_BOUND('',#481,.T.);
#329=FACE_OUTER_BOUND('',#482,.T.);
#330=FACE_OUTER_BOUND('',#483,.T.);
#331=FACE_OUTER_BOUND('',#484,.T.);
#332=FACE_OUTER_BOUND('',#485,.T.);
#333=FACE_OUTER_BOUND('',#486,.T.);
#334=FACE_OUTER_BOUND('',#487,.T.);
#335=FACE_OUTER_BOUND('',#488,.T.);
#336=FACE_OUTER_BOUND('',#489,.T.);
#337=FACE_OUTER_BOUND('',#490,.T.);
#338=FACE_OUTER_BOUND('',#491,.T.);
#339=FACE_OUTER_BOUND('',#492,.T.);
#340=FACE_OUTER_BOUND('',#493,.T.);
#341=FACE_OUTER_BOUND('',#494,.T.);
#342=FACE_OUTER_BOUND('',#495,.T.);
#343=FACE_OUTER_BOUND('',#496,.T.);
#344=FACE_OUTER_BOUND('',#497,.T.);
#345=FACE_OUTER_BOUND('',#498,.T.);
#346=FACE_OUTER_BOUND('',#499,.T.);
#347=FACE_OUTER_BOUND('',#500,.T.);
#348=FACE_OUTER_BOUND('',#501,.T.);
#349=FACE_OUTER_BOUND('',#502,.T.);
#350=FACE_OUTER_BOUND('',#503,.T.);
#351=FACE_OUTER_BOUND('',#504,.T.);
#352=FACE_OUTER_BOUND('',#505,.T.);
#353=FACE_OUTER_BOUND('',#506,.T.);
#354=FACE_OUTER_BOUND('',#507,.T.);
#355=FACE_OUTER_BOUND('',#508,.T.);
#356=FACE_OUTER_BOUND('',#509,.T.);
#357=FACE_OUTER_BOUND('',#510,.T.);
#358=FACE_OUTER_BOUND('',#511,.T.);
#359=FACE_OUTER_BOUND('',#512,.T.);
#360=FACE_OUTER_BOUND('',#513,.T.);
#361=FACE_OUTER_BOUND('',#514,.T.);
#362=FACE_OUTER_BOUND('',#515,.T.);
#363=FACE_OUTER_BOUND('',#516,.T.);
#364=FACE_OUTER_BOUND('',#518,.T.);
#365=EDGE_LOOP('',(#1753,#1754,#1755,#1756));
#366=EDGE_LOOP('',(#1757,#1758,#1759,#1760));
#367=EDGE_LOOP('',(#1761,#1762,#1763,#1764));
#368=EDGE_LOOP('',(#1765,#1766,#1767,#1768));
#369=EDGE_LOOP('',(#1769,#1770,#1771,#1772));
#370=EDGE_LOOP('',(#1773,#1774,#1775,#1776));
#371=EDGE_LOOP('',(#1777,#1778,#1779,#1780));
#372=EDGE_LOOP('',(#1781));
#373=EDGE_LOOP('',(#1782));
#374=EDGE_LOOP('',(#1783));
#375=EDGE_LOOP('',(#1784));
#376=EDGE_LOOP('',(#1785,#1786,#1787,#1788));
#377=EDGE_LOOP('',(#1789,#1790,#1791,#1792));
#378=EDGE_LOOP('',(#1793,#1794,#1795,#1796));
#379=EDGE_LOOP('',(#1797,#1798,#1799,#1800));
#380=EDGE_LOOP('',(#1801,#1802,#1803,#1804));
#381=EDGE_LOOP('',(#1805,#1806,#1807,#1808));
#382=EDGE_LOOP('',(#1809,#1810,#1811,#1812));
#383=EDGE_LOOP('',(#1813,#1814,#1815,#1816));
#384=EDGE_LOOP('',(#1817,#1818,#1819,#1820));
#385=EDGE_LOOP('',(#1821,#1822,#1823,#1824));
#386=EDGE_LOOP('',(#1825,#1826,#1827,#1828));
#387=EDGE_LOOP('',(#1829,#1830,#1831,#1832));
#388=EDGE_LOOP('',(#1833,#1834,#1835,#1836));
#389=EDGE_LOOP('',(#1837,#1838,#1839,#1840));
#390=EDGE_LOOP('',(#1841,#1842,#1843,#1844));
#391=EDGE_LOOP('',(#1845,#1846,#1847,#1848));
#392=EDGE_LOOP('',(#1849,#1850,#1851,#1852));
#393=EDGE_LOOP('',(#1853,#1854,#1855,#1856));
#394=EDGE_LOOP('',(#1857,#1858,#1859,#1860));
#395=EDGE_LOOP('',(#1861,#1862,#1863,#1864));
#396=EDGE_LOOP('',(#1865,#1866,#1867,#1868));
#397=EDGE_LOOP('',(#1869,#1870,#1871,#1872));
#398=EDGE_LOOP('',(#1873,#1874,#1875,#1876));
#399=EDGE_LOOP('',(#1877,#1878,#1879,#1880));
#400=EDGE_LOOP('',(#1881,#1882,#1883,#1884));
#401=EDGE_LOOP('',(#1885,#1886,#1887,#1888));
#402=EDGE_LOOP('',(#1889,#1890,#1891,#1892));
#403=EDGE_LOOP('',(#1893,#1894,#1895,#1896));
#404=EDGE_LOOP('',(#1897,#1898,#1899,#1900));
#405=EDGE_LOOP('',(#1901,#1902,#1903,#1904));
#406=EDGE_LOOP('',(#1905,#1906,#1907,#1908));
#407=EDGE_LOOP('',(#1909,#1910,#1911,#1912));
#408=EDGE_LOOP('',(#1913,#1914,#1915,#1916));
#409=EDGE_LOOP('',(#1917,#1918,#1919,#1920));
#410=EDGE_LOOP('',(#1921,#1922,#1923,#1924));
#411=EDGE_LOOP('',(#1925,#1926,#1927,#1928));
#412=EDGE_LOOP('',(#1929,#1930,#1931,#1932));
#413=EDGE_LOOP('',(#1933,#1934,#1935,#1936));
#414=EDGE_LOOP('',(#1937,#1938,#1939,#1940));
#415=EDGE_LOOP('',(#1941,#1942,#1943,#1944));
#416=EDGE_LOOP('',(#1945,#1946,#1947,#1948));
#417=EDGE_LOOP('',(#1949,#1950,#1951,#1952,#1953,#1954,#1955,#1956,#1957,
#1958,#1959,#1960,#1961,#1962,#1963,#1964,#1965,#1966,#1967,#1968,#1969,
#1970,#1971,#1972,#1973,#1974,#1975,#1976,#1977,#1978,#1979,#1980));
#418=EDGE_LOOP('',(#1981,#1982,#1983,#1984,#1985,#1986,#1987,#1988,#1989,
#1990,#1991,#1992,#1993,#1994,#1995,#1996,#1997,#1998,#1999,#2000,#2001,
#2002,#2003,#2004,#2005,#2006,#2007,#2008,#2009,#2010,#2011,#2012));
#419=EDGE_LOOP('',(#2013,#2014,#2015,#2016));
#420=EDGE_LOOP('',(#2017,#2018,#2019,#2020));
#421=EDGE_LOOP('',(#2021,#2022,#2023,#2024));
#422=EDGE_LOOP('',(#2025,#2026,#2027,#2028));
#423=EDGE_LOOP('',(#2029,#2030,#2031,#2032));
#424=EDGE_LOOP('',(#2033,#2034,#2035,#2036));
#425=EDGE_LOOP('',(#2037,#2038,#2039,#2040));
#426=EDGE_LOOP('',(#2041,#2042,#2043,#2044));
#427=EDGE_LOOP('',(#2045,#2046,#2047,#2048));
#428=EDGE_LOOP('',(#2049,#2050,#2051,#2052));
#429=EDGE_LOOP('',(#2053,#2054,#2055,#2056));
#430=EDGE_LOOP('',(#2057,#2058,#2059,#2060));
#431=EDGE_LOOP('',(#2061,#2062,#2063,#2064));
#432=EDGE_LOOP('',(#2065,#2066,#2067,#2068));
#433=EDGE_LOOP('',(#2069,#2070,#2071,#2072));
#434=EDGE_LOOP('',(#2073,#2074,#2075,#2076));
#435=EDGE_LOOP('',(#2077,#2078,#2079,#2080));
#436=EDGE_LOOP('',(#2081,#2082,#2083,#2084));
#437=EDGE_LOOP('',(#2085,#2086,#2087,#2088));
#438=EDGE_LOOP('',(#2089,#2090,#2091,#2092));
#439=EDGE_LOOP('',(#2093,#2094,#2095,#2096));
#440=EDGE_LOOP('',(#2097,#2098,#2099,#2100));
#441=EDGE_LOOP('',(#2101,#2102,#2103,#2104));
#442=EDGE_LOOP('',(#2105,#2106,#2107,#2108));
#443=EDGE_LOOP('',(#2109));
#444=EDGE_LOOP('',(#2110));
#445=EDGE_LOOP('',(#2111));
#446=EDGE_LOOP('',(#2112));
#447=EDGE_LOOP('',(#2113,#2114,#2115,#2116));
#448=EDGE_LOOP('',(#2117,#2118,#2119,#2120));
#449=EDGE_LOOP('',(#2121,#2122,#2123,#2124));
#450=EDGE_LOOP('',(#2125,#2126,#2127,#2128));
#451=EDGE_LOOP('',(#2129,#2130,#2131,#2132));
#452=EDGE_LOOP('',(#2133,#2134,#2135,#2136));
#453=EDGE_LOOP('',(#2137,#2138,#2139,#2140));
#454=EDGE_LOOP('',(#2141,#2142,#2143,#2144));
#455=EDGE_LOOP('',(#2145,#2146,#2147,#2148));
#456=EDGE_LOOP('',(#2149,#2150,#2151,#2152));
#457=EDGE_LOOP('',(#2153,#2154,#2155,#2156));
#458=EDGE_LOOP('',(#2157,#2158,#2159,#2160));
#459=EDGE_LOOP('',(#2161,#2162,#2163,#2164,#2165,#2166,#2167,#2168,#2169,
#2170,#2171,#2172));
#460=EDGE_LOOP('',(#2173,#2174,#2175,#2176,#2177,#2178,#2179,#2180,#2181,
#2182,#2183,#2184));
#461=EDGE_LOOP('',(#2185,#2186,#2187,#2188));
#462=EDGE_LOOP('',(#2189,#2190,#2191,#2192));
#463=EDGE_LOOP('',(#2193,#2194,#2195,#2196));
#464=EDGE_LOOP('',(#2197,#2198,#2199));
#465=EDGE_LOOP('',(#2200,#2201,#2202));
#466=EDGE_LOOP('',(#2203,#2204,#2205,#2206));
#467=EDGE_LOOP('',(#2207,#2208,#2209,#2210));
#468=EDGE_LOOP('',(#2211,#2212,#2213,#2214));
#469=EDGE_LOOP('',(#2215,#2216,#2217,#2218));
#470=EDGE_LOOP('',(#2219,#2220,#2221,#2222));
#471=EDGE_LOOP('',(#2223,#2224,#2225,#2226));
#472=EDGE_LOOP('',(#2227,#2228,#2229,#2230,#2231,#2232));
#473=EDGE_LOOP('',(#2233,#2234,#2235,#2236,#2237,#2238));
#474=EDGE_LOOP('',(#2239,#2240,#2241,#2242));
#475=EDGE_LOOP('',(#2243,#2244,#2245,#2246));
#476=EDGE_LOOP('',(#2247,#2248,#2249,#2250));
#477=EDGE_LOOP('',(#2251,#2252,#2253));
#478=EDGE_LOOP('',(#2254,#2255,#2256));
#479=EDGE_LOOP('',(#2257,#2258,#2259,#2260));
#480=EDGE_LOOP('',(#2261,#2262,#2263,#2264));
#481=EDGE_LOOP('',(#2265,#2266,#2267,#2268));
#482=EDGE_LOOP('',(#2269,#2270,#2271,#2272));
#483=EDGE_LOOP('',(#2273,#2274,#2275,#2276));
#484=EDGE_LOOP('',(#2277,#2278,#2279,#2280));
#485=EDGE_LOOP('',(#2281,#2282,#2283,#2284,#2285,#2286));
#486=EDGE_LOOP('',(#2287,#2288,#2289,#2290,#2291,#2292));
#487=EDGE_LOOP('',(#2293,#2294,#2295,#2296));
#488=EDGE_LOOP('',(#2297,#2298,#2299,#2300));
#489=EDGE_LOOP('',(#2301,#2302,#2303,#2304));
#490=EDGE_LOOP('',(#2305,#2306,#2307,#2308));
#491=EDGE_LOOP('',(#2309,#2310,#2311,#2312));
#492=EDGE_LOOP('',(#2313,#2314,#2315,#2316));
#493=EDGE_LOOP('',(#2317,#2318,#2319,#2320));
#494=EDGE_LOOP('',(#2321,#2322,#2323,#2324));
#495=EDGE_LOOP('',(#2325,#2326,#2327,#2328));
#496=EDGE_LOOP('',(#2329,#2330,#2331,#2332));
#497=EDGE_LOOP('',(#2333,#2334,#2335,#2336));
#498=EDGE_LOOP('',(#2337,#2338,#2339,#2340));
#499=EDGE_LOOP('',(#2341,#2342,#2343,#2344));
#500=EDGE_LOOP('',(#2345,#2346,#2347,#2348));
#501=EDGE_LOOP('',(#2349,#2350,#2351,#2352));
#502=EDGE_LOOP('',(#2353,#2354,#2355,#2356));
#503=EDGE_LOOP('',(#2357,#2358,#2359,#2360));
#504=EDGE_LOOP('',(#2361,#2362,#2363,#2364));
#505=EDGE_LOOP('',(#2365,#2366,#2367,#2368));
#506=EDGE_LOOP('',(#2369,#2370,#2371,#2372));
#507=EDGE_LOOP('',(#2373,#2374,#2375,#2376));
#508=EDGE_LOOP('',(#2377,#2378,#2379,#2380));
#509=EDGE_LOOP('',(#2381,#2382,#2383,#2384));
#510=EDGE_LOOP('',(#2385,#2386,#2387,#2388));
#511=EDGE_LOOP('',(#2389,#2390,#2391,#2392));
#512=EDGE_LOOP('',(#2393,#2394,#2395,#2396));
#513=EDGE_LOOP('',(#2397,#2398,#2399,#2400));
#514=EDGE_LOOP('',(#2401,#2402,#2403,#2404));
#515=EDGE_LOOP('',(#2405,#2406,#2407,#2408));
#516=EDGE_LOOP('',(#2409,#2410,#2411,#2412,#2413,#2414,#2415,#2416,#2417,
#2418,#2419,#2420,#2421,#2422,#2423,#2424,#2425,#2426,#2427,#2428,#2429,
#2430,#2431));
#517=EDGE_LOOP('',(#2432,#2433,#2434,#2435,#2436,#2437));
#518=EDGE_LOOP('',(#2438,#2439,#2440,#2441,#2442,#2443,#2444,#2445,#2446,
#2447,#2448,#2449,#2450,#2451,#2452,#2453,#2454,#2455,#2456,#2457,#2458,
#2459,#2460));
#519=EDGE_LOOP('',(#2461,#2462,#2463,#2464,#2465,#2466));
#520=ELLIPSE('',#2655,0.14142135623731,0.1);
#521=ELLIPSE('',#2656,0.141421356237321,0.1);
#522=ELLIPSE('',#2658,0.141421356237317,0.1);
#523=ELLIPSE('',#2660,0.141421356237297,0.1);
#524=LINE('',#3547,#841);
#525=LINE('',#3551,#842);
#526=LINE('',#3555,#843);
#527=LINE('',#3557,#844);
#528=LINE('',#3561,#845);
#529=LINE('',#3563,#846);
#530=LINE('',#3566,#847);
#531=LINE('',#3567,#848);
#532=LINE('',#3570,#849);
#533=LINE('',#3572,#850);
#534=LINE('',#3573,#851);
#535=LINE('',#3576,#852);
#536=LINE('',#3577,#853);
#537=LINE('',#3587,#854);
#538=LINE('',#3588,#855);
#539=LINE('',#3590,#856);
#540=LINE('',#3595,#857);
#541=LINE('',#3597,#858);
#542=LINE('',#3599,#859);
#543=LINE('',#3600,#860);
#544=LINE('',#3603,#861);
#545=LINE('',#3605,#862);
#546=LINE('',#3606,#863);
#547=LINE('',#3609,#864);
#548=LINE('',#3611,#865);
#549=LINE('',#3612,#866);
#550=LINE('',#3614,#867);
#551=LINE('',#3615,#868);
#552=LINE('',#3621,#869);
#553=LINE('',#3623,#870);
#554=LINE('',#3625,#871);
#555=LINE('',#3626,#872);
#556=LINE('',#3629,#873);
#557=LINE('',#3631,#874);
#558=LINE('',#3632,#875);
#559=LINE('',#3635,#876);
#560=LINE('',#3637,#877);
#561=LINE('',#3638,#878);
#562=LINE('',#3641,#879);
#563=LINE('',#3643,#880);
#564=LINE('',#3644,#881);
#565=LINE('',#3647,#882);
#566=LINE('',#3649,#883);
#567=LINE('',#3650,#884);
#568=LINE('',#3653,#885);
#569=LINE('',#3655,#886);
#570=LINE('',#3656,#887);
#571=LINE('',#3659,#888);
#572=LINE('',#3661,#889);
#573=LINE('',#3662,#890);
#574=LINE('',#3665,#891);
#575=LINE('',#3667,#892);
#576=LINE('',#3668,#893);
#577=LINE('',#3671,#894);
#578=LINE('',#3673,#895);
#579=LINE('',#3674,#896);
#580=LINE('',#3677,#897);
#581=LINE('',#3679,#898);
#582=LINE('',#3680,#899);
#583=LINE('',#3683,#900);
#584=LINE('',#3685,#901);
#585=LINE('',#3686,#902);
#586=LINE('',#3689,#903);
#587=LINE('',#3691,#904);
#588=LINE('',#3692,#905);
#589=LINE('',#3695,#906);
#590=LINE('',#3697,#907);
#591=LINE('',#3698,#908);
#592=LINE('',#3701,#909);
#593=LINE('',#3703,#910);
#594=LINE('',#3704,#911);
#595=LINE('',#3707,#912);
#596=LINE('',#3709,#913);
#597=LINE('',#3710,#914);
#598=LINE('',#3713,#915);
#599=LINE('',#3715,#916);
#600=LINE('',#3716,#917);
#601=LINE('',#3719,#918);
#602=LINE('',#3721,#919);
#603=LINE('',#3722,#920);
#604=LINE('',#3725,#921);
#605=LINE('',#3727,#922);
#606=LINE('',#3728,#923);
#607=LINE('',#3731,#924);
#608=LINE('',#3733,#925);
#609=LINE('',#3734,#926);
#610=LINE('',#3737,#927);
#611=LINE('',#3739,#928);
#612=LINE('',#3740,#929);
#613=LINE('',#3743,#930);
#614=LINE('',#3745,#931);
#615=LINE('',#3746,#932);
#616=LINE('',#3749,#933);
#617=LINE('',#3751,#934);
#618=LINE('',#3752,#935);
#619=LINE('',#3755,#936);
#620=LINE('',#3757,#937);
#621=LINE('',#3758,#938);
#622=LINE('',#3761,#939);
#623=LINE('',#3763,#940);
#624=LINE('',#3764,#941);
#625=LINE('',#3767,#942);
#626=LINE('',#3769,#943);
#627=LINE('',#3770,#944);
#628=LINE('',#3773,#945);
#629=LINE('',#3775,#946);
#630=LINE('',#3776,#947);
#631=LINE('',#3779,#948);
#632=LINE('',#3781,#949);
#633=LINE('',#3782,#950);
#634=LINE('',#3785,#951);
#635=LINE('',#3787,#952);
#636=LINE('',#3788,#953);
#637=LINE('',#3791,#954);
#638=LINE('',#3793,#955);
#639=LINE('',#3794,#956);
#640=LINE('',#3797,#957);
#641=LINE('',#3799,#958);
#642=LINE('',#3800,#959);
#643=LINE('',#3803,#960);
#644=LINE('',#3805,#961);
#645=LINE('',#3806,#962);
#646=LINE('',#3808,#963);
#647=LINE('',#3809,#964);
#648=LINE('',#3815,#965);
#649=LINE('',#3817,#966);
#650=LINE('',#3819,#967);
#651=LINE('',#3820,#968);
#652=LINE('',#3823,#969);
#653=LINE('',#3825,#970);
#654=LINE('',#3826,#971);
#655=LINE('',#3829,#972);
#656=LINE('',#3831,#973);
#657=LINE('',#3832,#974);
#658=LINE('',#3834,#975);
#659=LINE('',#3835,#976);
#660=LINE('',#3841,#977);
#661=LINE('',#3843,#978);
#662=LINE('',#3845,#979);
#663=LINE('',#3846,#980);
#664=LINE('',#3849,#981);
#665=LINE('',#3851,#982);
#666=LINE('',#3852,#983);
#667=LINE('',#3855,#984);
#668=LINE('',#3857,#985);
#669=LINE('',#3858,#986);
#670=LINE('',#3860,#987);
#671=LINE('',#3861,#988);
#672=LINE('',#3867,#989);
#673=LINE('',#3869,#990);
#674=LINE('',#3871,#991);
#675=LINE('',#3872,#992);
#676=LINE('',#3875,#993);
#677=LINE('',#3877,#994);
#678=LINE('',#3878,#995);
#679=LINE('',#3881,#996);
#680=LINE('',#3883,#997);
#681=LINE('',#3884,#998);
#682=LINE('',#3886,#999);
#683=LINE('',#3887,#1000);
#684=LINE('',#3893,#1001);
#685=LINE('',#3895,#1002);
#686=LINE('',#3897,#1003);
#687=LINE('',#3898,#1004);
#688=LINE('',#3901,#1005);
#689=LINE('',#3903,#1006);
#690=LINE('',#3904,#1007);
#691=LINE('',#3907,#1008);
#692=LINE('',#3909,#1009);
#693=LINE('',#3910,#1010);
#694=LINE('',#3912,#1011);
#695=LINE('',#3913,#1012);
#696=LINE('',#3926,#1013);
#697=LINE('',#3928,#1014);
#698=LINE('',#3930,#1015);
#699=LINE('',#3931,#1016);
#700=LINE('',#3934,#1017);
#701=LINE('',#3936,#1018);
#702=LINE('',#3937,#1019);
#703=LINE('',#3940,#1020);
#704=LINE('',#3942,#1021);
#705=LINE('',#3943,#1022);
#706=LINE('',#3946,#1023);
#707=LINE('',#3948,#1024);
#708=LINE('',#3949,#1025);
#709=LINE('',#3952,#1026);
#710=LINE('',#3954,#1027);
#711=LINE('',#3955,#1028);
#712=LINE('',#3958,#1029);
#713=LINE('',#3960,#1030);
#714=LINE('',#3961,#1031);
#715=LINE('',#3964,#1032);
#716=LINE('',#3966,#1033);
#717=LINE('',#3967,#1034);
#718=LINE('',#3970,#1035);
#719=LINE('',#3972,#1036);
#720=LINE('',#3973,#1037);
#721=LINE('',#3976,#1038);
#722=LINE('',#3978,#1039);
#723=LINE('',#3979,#1040);
#724=LINE('',#3982,#1041);
#725=LINE('',#3984,#1042);
#726=LINE('',#3985,#1043);
#727=LINE('',#3988,#1044);
#728=LINE('',#3990,#1045);
#729=LINE('',#3991,#1046);
#730=LINE('',#3993,#1047);
#731=LINE('',#3994,#1048);
#732=LINE('',#4000,#1049);
#733=LINE('',#4002,#1050);
#734=LINE('',#4004,#1051);
#735=LINE('',#4005,#1052);
#736=LINE('',#4011,#1053);
#737=LINE('',#4013,#1054);
#738=LINE('',#4014,#1055);
#739=LINE('',#4020,#1056);
#740=LINE('',#4022,#1057);
#741=LINE('',#4024,#1058);
#742=LINE('',#4025,#1059);
#743=LINE('',#4028,#1060);
#744=LINE('',#4030,#1061);
#745=LINE('',#4031,#1062);
#746=LINE('',#4034,#1063);
#747=LINE('',#4036,#1064);
#748=LINE('',#4037,#1065);
#749=LINE('',#4043,#1066);
#750=LINE('',#4046,#1067);
#751=LINE('',#4048,#1068);
#752=LINE('',#4049,#1069);
#753=LINE('',#4051,#1070);
#754=LINE('',#4052,#1071);
#755=LINE('',#4060,#1072);
#756=LINE('',#4063,#1073);
#757=LINE('',#4066,#1074);
#758=LINE('',#4068,#1075);
#759=LINE('',#4069,#1076);
#760=LINE('',#4071,#1077);
#761=LINE('',#4072,#1078);
#762=LINE('',#4080,#1079);
#763=LINE('',#4083,#1080);
#764=LINE('',#4086,#1081);
#765=LINE('',#4088,#1082);
#766=LINE('',#4089,#1083);
#767=LINE('',#4092,#1084);
#768=LINE('',#4094,#1085);
#769=LINE('',#4095,#1086);
#770=LINE('',#4098,#1087);
#771=LINE('',#4100,#1088);
#772=LINE('',#4101,#1089);
#773=LINE('',#4104,#1090);
#774=LINE('',#4106,#1091);
#775=LINE('',#4107,#1092);
#776=LINE('',#4109,#1093);
#777=LINE('',#4110,#1094);
#778=LINE('',#4116,#1095);
#779=LINE('',#4118,#1096);
#780=LINE('',#4120,#1097);
#781=LINE('',#4121,#1098);
#782=LINE('',#4126,#1099);
#783=LINE('',#4132,#1100);
#784=LINE('',#4138,#1101);
#785=LINE('',#4142,#1102);
#786=LINE('',#4144,#1103);
#787=LINE('',#4145,#1104);
#788=LINE('',#4147,#1105);
#789=LINE('',#4148,#1106);
#790=LINE('',#4152,#1107);
#791=LINE('',#4154,#1108);
#792=LINE('',#4156,#1109);
#793=LINE('',#4157,#1110);
#794=LINE('',#4160,#1111);
#795=LINE('',#4162,#1112);
#796=LINE('',#4163,#1113);
#797=LINE('',#4166,#1114);
#798=LINE('',#4168,#1115);
#799=LINE('',#4169,#1116);
#800=LINE('',#4172,#1117);
#801=LINE('',#4174,#1118);
#802=LINE('',#4175,#1119);
#803=LINE('',#4178,#1120);
#804=LINE('',#4180,#1121);
#805=LINE('',#4181,#1122);
#806=LINE('',#4184,#1123);
#807=LINE('',#4186,#1124);
#808=LINE('',#4187,#1125);
#809=LINE('',#4190,#1126);
#810=LINE('',#4192,#1127);
#811=LINE('',#4193,#1128);
#812=LINE('',#4196,#1129);
#813=LINE('',#4198,#1130);
#814=LINE('',#4199,#1131);
#815=LINE('',#4205,#1132);
#816=LINE('',#4211,#1133);
#817=LINE('',#4217,#1134);
#818=LINE('',#4223,#1135);
#819=LINE('',#4229,#1136);
#820=LINE('',#4235,#1137);
#821=LINE('',#4238,#1138);
#822=LINE('',#4240,#1139);
#823=LINE('',#4241,#1140);
#824=LINE('',#4244,#1141);
#825=LINE('',#4246,#1142);
#826=LINE('',#4247,#1143);
#827=LINE('',#4250,#1144);
#828=LINE('',#4252,#1145);
#829=LINE('',#4253,#1146);
#830=LINE('',#4259,#1147);
#831=LINE('',#4265,#1148);
#832=LINE('',#4271,#1149);
#833=LINE('',#4274,#1150);
#834=LINE('',#4276,#1151);
#835=LINE('',#4277,#1152);
#836=LINE('',#4280,#1153);
#837=LINE('',#4282,#1154);
#838=LINE('',#4283,#1155);
#839=LINE('',#4285,#1156);
#840=LINE('',#4286,#1157);
#841=VECTOR('',#2848,1.);
#842=VECTOR('',#2851,1.);
#843=VECTOR('',#2856,1.);
#844=VECTOR('',#2857,1.);
#845=VECTOR('',#2862,1.);
#846=VECTOR('',#2863,1.);
#847=VECTOR('',#2868,1.);
#848=VECTOR('',#2869,1.);
#849=VECTOR('',#2872,1.);
#850=VECTOR('',#2873,1.);
#851=VECTOR('',#2874,1.);
#852=VECTOR('',#2877,1.);
#853=VECTOR('',#2878,1.);
#854=VECTOR('',#2891,1.);
#855=VECTOR('',#2892,1.);
#856=VECTOR('',#2895,1.);
#857=VECTOR('',#2900,1.);
#858=VECTOR('',#2901,1.);
#859=VECTOR('',#2902,1.);
#860=VECTOR('',#2903,1.);
#861=VECTOR('',#2906,1.);
#862=VECTOR('',#2907,1.);
#863=VECTOR('',#2908,1.);
#864=VECTOR('',#2911,1.);
#865=VECTOR('',#2912,1.);
#866=VECTOR('',#2913,1.);
#867=VECTOR('',#2916,1.);
#868=VECTOR('',#2917,1.);
#869=VECTOR('',#2924,1.);
#870=VECTOR('',#2925,1.);
#871=VECTOR('',#2926,1.);
#872=VECTOR('',#2927,1.);
#873=VECTOR('',#2930,1.);
#874=VECTOR('',#2931,1.);
#875=VECTOR('',#2932,1.);
#876=VECTOR('',#2935,1.);
#877=VECTOR('',#2936,1.);
#878=VECTOR('',#2937,1.);
#879=VECTOR('',#2940,1.);
#880=VECTOR('',#2941,1.);
#881=VECTOR('',#2942,1.);
#882=VECTOR('',#2945,1.);
#883=VECTOR('',#2946,1.);
#884=VECTOR('',#2947,1.);
#885=VECTOR('',#2950,1.);
#886=VECTOR('',#2951,1.);
#887=VECTOR('',#2952,1.);
#888=VECTOR('',#2955,1.);
#889=VECTOR('',#2956,1.);
#890=VECTOR('',#2957,1.);
#891=VECTOR('',#2960,1.);
#892=VECTOR('',#2961,1.);
#893=VECTOR('',#2962,1.);
#894=VECTOR('',#2965,1.);
#895=VECTOR('',#2966,1.);
#896=VECTOR('',#2967,1.);
#897=VECTOR('',#2970,1.);
#898=VECTOR('',#2971,1.);
#899=VECTOR('',#2972,1.);
#900=VECTOR('',#2975,1.);
#901=VECTOR('',#2976,1.);
#902=VECTOR('',#2977,1.);
#903=VECTOR('',#2980,1.);
#904=VECTOR('',#2981,1.);
#905=VECTOR('',#2982,1.);
#906=VECTOR('',#2985,1.);
#907=VECTOR('',#2986,1.);
#908=VECTOR('',#2987,1.);
#909=VECTOR('',#2990,1.);
#910=VECTOR('',#2991,1.);
#911=VECTOR('',#2992,1.);
#912=VECTOR('',#2995,1.);
#913=VECTOR('',#2996,1.);
#914=VECTOR('',#2997,1.);
#915=VECTOR('',#3000,1.);
#916=VECTOR('',#3001,1.);
#917=VECTOR('',#3002,1.);
#918=VECTOR('',#3005,1.);
#919=VECTOR('',#3006,1.);
#920=VECTOR('',#3007,1.);
#921=VECTOR('',#3010,1.);
#922=VECTOR('',#3011,1.);
#923=VECTOR('',#3012,1.);
#924=VECTOR('',#3015,1.);
#925=VECTOR('',#3016,1.);
#926=VECTOR('',#3017,1.);
#927=VECTOR('',#3020,1.);
#928=VECTOR('',#3021,1.);
#929=VECTOR('',#3022,1.);
#930=VECTOR('',#3025,1.);
#931=VECTOR('',#3026,1.);
#932=VECTOR('',#3027,1.);
#933=VECTOR('',#3030,1.);
#934=VECTOR('',#3031,1.);
#935=VECTOR('',#3032,1.);
#936=VECTOR('',#3035,1.);
#937=VECTOR('',#3036,1.);
#938=VECTOR('',#3037,1.);
#939=VECTOR('',#3040,1.);
#940=VECTOR('',#3041,1.);
#941=VECTOR('',#3042,1.);
#942=VECTOR('',#3045,1.);
#943=VECTOR('',#3046,1.);
#944=VECTOR('',#3047,1.);
#945=VECTOR('',#3050,1.);
#946=VECTOR('',#3051,1.);
#947=VECTOR('',#3052,1.);
#948=VECTOR('',#3055,1.);
#949=VECTOR('',#3056,1.);
#950=VECTOR('',#3057,1.);
#951=VECTOR('',#3060,1.);
#952=VECTOR('',#3061,1.);
#953=VECTOR('',#3062,1.);
#954=VECTOR('',#3065,1.);
#955=VECTOR('',#3066,1.);
#956=VECTOR('',#3067,1.);
#957=VECTOR('',#3070,1.);
#958=VECTOR('',#3071,1.);
#959=VECTOR('',#3072,1.);
#960=VECTOR('',#3075,1.);
#961=VECTOR('',#3076,1.);
#962=VECTOR('',#3077,1.);
#963=VECTOR('',#3080,1.);
#964=VECTOR('',#3081,1.);
#965=VECTOR('',#3088,1.);
#966=VECTOR('',#3089,1.);
#967=VECTOR('',#3090,1.);
#968=VECTOR('',#3091,1.);
#969=VECTOR('',#3094,1.);
#970=VECTOR('',#3095,1.);
#971=VECTOR('',#3096,1.);
#972=VECTOR('',#3099,1.);
#973=VECTOR('',#3100,1.);
#974=VECTOR('',#3101,1.);
#975=VECTOR('',#3104,1.);
#976=VECTOR('',#3105,1.);
#977=VECTOR('',#3112,1.);
#978=VECTOR('',#3113,1.);
#979=VECTOR('',#3114,1.);
#980=VECTOR('',#3115,1.);
#981=VECTOR('',#3118,1.);
#982=VECTOR('',#3119,1.);
#983=VECTOR('',#3120,1.);
#984=VECTOR('',#3123,1.);
#985=VECTOR('',#3124,1.);
#986=VECTOR('',#3125,1.);
#987=VECTOR('',#3128,1.);
#988=VECTOR('',#3129,1.);
#989=VECTOR('',#3136,1.);
#990=VECTOR('',#3137,1.);
#991=VECTOR('',#3138,1.);
#992=VECTOR('',#3139,1.);
#993=VECTOR('',#3142,1.);
#994=VECTOR('',#3143,1.);
#995=VECTOR('',#3144,1.);
#996=VECTOR('',#3147,1.);
#997=VECTOR('',#3148,1.);
#998=VECTOR('',#3149,1.);
#999=VECTOR('',#3152,1.);
#1000=VECTOR('',#3153,1.);
#1001=VECTOR('',#3160,1.);
#1002=VECTOR('',#3161,1.);
#1003=VECTOR('',#3162,1.);
#1004=VECTOR('',#3163,1.);
#1005=VECTOR('',#3166,1.);
#1006=VECTOR('',#3167,1.);
#1007=VECTOR('',#3168,1.);
#1008=VECTOR('',#3171,1.);
#1009=VECTOR('',#3172,1.);
#1010=VECTOR('',#3173,1.);
#1011=VECTOR('',#3176,1.);
#1012=VECTOR('',#3177,1.);
#1013=VECTOR('',#3194,1.);
#1014=VECTOR('',#3195,1.);
#1015=VECTOR('',#3196,1.);
#1016=VECTOR('',#3197,1.);
#1017=VECTOR('',#3200,1.);
#1018=VECTOR('',#3201,1.);
#1019=VECTOR('',#3202,1.);
#1020=VECTOR('',#3205,1.);
#1021=VECTOR('',#3206,1.);
#1022=VECTOR('',#3207,1.);
#1023=VECTOR('',#3210,1.);
#1024=VECTOR('',#3211,1.);
#1025=VECTOR('',#3212,1.);
#1026=VECTOR('',#3215,1.);
#1027=VECTOR('',#3216,1.);
#1028=VECTOR('',#3217,1.);
#1029=VECTOR('',#3220,1.);
#1030=VECTOR('',#3221,1.);
#1031=VECTOR('',#3222,1.);
#1032=VECTOR('',#3225,1.);
#1033=VECTOR('',#3226,1.);
#1034=VECTOR('',#3227,1.);
#1035=VECTOR('',#3230,1.);
#1036=VECTOR('',#3231,1.);
#1037=VECTOR('',#3232,1.);
#1038=VECTOR('',#3235,1.);
#1039=VECTOR('',#3236,1.);
#1040=VECTOR('',#3237,1.);
#1041=VECTOR('',#3240,1.);
#1042=VECTOR('',#3241,1.);
#1043=VECTOR('',#3242,1.);
#1044=VECTOR('',#3245,1.);
#1045=VECTOR('',#3246,1.);
#1046=VECTOR('',#3247,1.);
#1047=VECTOR('',#3250,1.);
#1048=VECTOR('',#3251,1.);
#1049=VECTOR('',#3258,1.);
#1050=VECTOR('',#3259,1.);
#1051=VECTOR('',#3260,1.);
#1052=VECTOR('',#3261,1.);
#1053=VECTOR('',#3268,1.);
#1054=VECTOR('',#3271,1.);
#1055=VECTOR('',#3272,1.);
#1056=VECTOR('',#3279,1.);
#1057=VECTOR('',#3280,1.);
#1058=VECTOR('',#3281,1.);
#1059=VECTOR('',#3282,1.);
#1060=VECTOR('',#3285,1.);
#1061=VECTOR('',#3286,1.);
#1062=VECTOR('',#3287,1.);
#1063=VECTOR('',#3290,1.);
#1064=VECTOR('',#3291,1.);
#1065=VECTOR('',#3292,1.);
#1066=VECTOR('',#3299,1.);
#1067=VECTOR('',#3302,1.);
#1068=VECTOR('',#3303,1.);
#1069=VECTOR('',#3304,1.);
#1070=VECTOR('',#3307,1.);
#1071=VECTOR('',#3308,1.);
#1072=VECTOR('',#3317,1.);
#1073=VECTOR('',#3320,1.);
#1074=VECTOR('',#3323,1.);
#1075=VECTOR('',#3324,1.);
#1076=VECTOR('',#3325,1.);
#1077=VECTOR('',#3328,1.);
#1078=VECTOR('',#3329,1.);
#1079=VECTOR('',#3338,1.);
#1080=VECTOR('',#3341,1.);
#1081=VECTOR('',#3344,1.);
#1082=VECTOR('',#3345,1.);
#1083=VECTOR('',#3346,1.);
#1084=VECTOR('',#3349,1.);
#1085=VECTOR('',#3350,1.);
#1086=VECTOR('',#3351,1.);
#1087=VECTOR('',#3354,1.);
#1088=VECTOR('',#3355,1.);
#1089=VECTOR('',#3356,1.);
#1090=VECTOR('',#3359,1.);
#1091=VECTOR('',#3360,1.);
#1092=VECTOR('',#3361,1.);
#1093=VECTOR('',#3364,1.);
#1094=VECTOR('',#3365,1.);
#1095=VECTOR('',#3372,1.);
#1096=VECTOR('',#3373,1.);
#1097=VECTOR('',#3374,1.);
#1098=VECTOR('',#3375,1.);
#1099=VECTOR('',#3380,1.);
#1100=VECTOR('',#3387,1.);
#1101=VECTOR('',#3394,1.);
#1102=VECTOR('',#3399,1.);
#1103=VECTOR('',#3400,1.);
#1104=VECTOR('',#3401,1.);
#1105=VECTOR('',#3404,1.);
#1106=VECTOR('',#3405,1.);
#1107=VECTOR('',#3408,1.);
#1108=VECTOR('',#3409,1.);
#1109=VECTOR('',#3410,1.);
#1110=VECTOR('',#3411,1.);
#1111=VECTOR('',#3414,1.);
#1112=VECTOR('',#3415,1.);
#1113=VECTOR('',#3416,1.);
#1114=VECTOR('',#3419,1.);
#1115=VECTOR('',#3420,1.);
#1116=VECTOR('',#3421,1.);
#1117=VECTOR('',#3424,1.);
#1118=VECTOR('',#3425,1.);
#1119=VECTOR('',#3426,1.);
#1120=VECTOR('',#3429,1.);
#1121=VECTOR('',#3430,1.);
#1122=VECTOR('',#3431,1.);
#1123=VECTOR('',#3434,1.);
#1124=VECTOR('',#3435,1.);
#1125=VECTOR('',#3436,1.);
#1126=VECTOR('',#3439,1.);
#1127=VECTOR('',#3440,1.);
#1128=VECTOR('',#3441,1.);
#1129=VECTOR('',#3444,1.);
#1130=VECTOR('',#3445,1.);
#1131=VECTOR('',#3446,1.);
#1132=VECTOR('',#3453,1.);
#1133=VECTOR('',#3460,1.);
#1134=VECTOR('',#3467,1.);
#1135=VECTOR('',#3474,1.);
#1136=VECTOR('',#3481,1.);
#1137=VECTOR('',#3488,1.);
#1138=VECTOR('',#3491,1.);
#1139=VECTOR('',#3492,1.);
#1140=VECTOR('',#3493,1.);
#1141=VECTOR('',#3496,1.);
#1142=VECTOR('',#3497,1.);
#1143=VECTOR('',#3498,1.);
#1144=VECTOR('',#3501,1.);
#1145=VECTOR('',#3502,1.);
#1146=VECTOR('',#3503,1.);
#1147=VECTOR('',#3510,1.);
#1148=VECTOR('',#3517,1.);
#1149=VECTOR('',#3524,1.);
#1150=VECTOR('',#3527,1.);
#1151=VECTOR('',#3528,1.);
#1152=VECTOR('',#3529,1.);
#1153=VECTOR('',#3532,1.);
#1154=VECTOR('',#3533,1.);
#1155=VECTOR('',#3534,1.);
#1156=VECTOR('',#3537,1.);
#1157=VECTOR('',#3538,1.);
#1158=VERTEX_POINT('',#3545);
#1159=VERTEX_POINT('',#3546);
#1160=VERTEX_POINT('',#3548);
#1161=VERTEX_POINT('',#3550);
#1162=VERTEX_POINT('',#3554);
#1163=VERTEX_POINT('',#3556);
#1164=VERTEX_POINT('',#3560);
#1165=VERTEX_POINT('',#3562);
#1166=VERTEX_POINT('',#3569);
#1167=VERTEX_POINT('',#3571);
#1168=VERTEX_POINT('',#3575);
#1169=VERTEX_POINT('',#3579);
#1170=VERTEX_POINT('',#3582);
#1171=VERTEX_POINT('',#3586);
#1172=VERTEX_POINT('',#3593);
#1173=VERTEX_POINT('',#3594);
#1174=VERTEX_POINT('',#3596);
#1175=VERTEX_POINT('',#3598);
#1176=VERTEX_POINT('',#3602);
#1177=VERTEX_POINT('',#3604);
#1178=VERTEX_POINT('',#3608);
#1179=VERTEX_POINT('',#3610);
#1180=VERTEX_POINT('',#3619);
#1181=VERTEX_POINT('',#3620);
#1182=VERTEX_POINT('',#3622);
#1183=VERTEX_POINT('',#3624);
#1184=VERTEX_POINT('',#3628);
#1185=VERTEX_POINT('',#3630);
#1186=VERTEX_POINT('',#3634);
#1187=VERTEX_POINT('',#3636);
#1188=VERTEX_POINT('',#3640);
#1189=VERTEX_POINT('',#3642);
#1190=VERTEX_POINT('',#3646);
#1191=VERTEX_POINT('',#3648);
#1192=VERTEX_POINT('',#3652);
#1193=VERTEX_POINT('',#3654);
#1194=VERTEX_POINT('',#3658);
#1195=VERTEX_POINT('',#3660);
#1196=VERTEX_POINT('',#3664);
#1197=VERTEX_POINT('',#3666);
#1198=VERTEX_POINT('',#3670);
#1199=VERTEX_POINT('',#3672);
#1200=VERTEX_POINT('',#3676);
#1201=VERTEX_POINT('',#3678);
#1202=VERTEX_POINT('',#3682);
#1203=VERTEX_POINT('',#3684);
#1204=VERTEX_POINT('',#3688);
#1205=VERTEX_POINT('',#3690);
#1206=VERTEX_POINT('',#3694);
#1207=VERTEX_POINT('',#3696);
#1208=VERTEX_POINT('',#3700);
#1209=VERTEX_POINT('',#3702);
#1210=VERTEX_POINT('',#3706);
#1211=VERTEX_POINT('',#3708);
#1212=VERTEX_POINT('',#3712);
#1213=VERTEX_POINT('',#3714);
#1214=VERTEX_POINT('',#3718);
#1215=VERTEX_POINT('',#3720);
#1216=VERTEX_POINT('',#3724);
#1217=VERTEX_POINT('',#3726);
#1218=VERTEX_POINT('',#3730);
#1219=VERTEX_POINT('',#3732);
#1220=VERTEX_POINT('',#3736);
#1221=VERTEX_POINT('',#3738);
#1222=VERTEX_POINT('',#3742);
#1223=VERTEX_POINT('',#3744);
#1224=VERTEX_POINT('',#3748);
#1225=VERTEX_POINT('',#3750);
#1226=VERTEX_POINT('',#3754);
#1227=VERTEX_POINT('',#3756);
#1228=VERTEX_POINT('',#3760);
#1229=VERTEX_POINT('',#3762);
#1230=VERTEX_POINT('',#3766);
#1231=VERTEX_POINT('',#3768);
#1232=VERTEX_POINT('',#3772);
#1233=VERTEX_POINT('',#3774);
#1234=VERTEX_POINT('',#3778);
#1235=VERTEX_POINT('',#3780);
#1236=VERTEX_POINT('',#3784);
#1237=VERTEX_POINT('',#3786);
#1238=VERTEX_POINT('',#3790);
#1239=VERTEX_POINT('',#3792);
#1240=VERTEX_POINT('',#3796);
#1241=VERTEX_POINT('',#3798);
#1242=VERTEX_POINT('',#3802);
#1243=VERTEX_POINT('',#3804);
#1244=VERTEX_POINT('',#3813);
#1245=VERTEX_POINT('',#3814);
#1246=VERTEX_POINT('',#3816);
#1247=VERTEX_POINT('',#3818);
#1248=VERTEX_POINT('',#3822);
#1249=VERTEX_POINT('',#3824);
#1250=VERTEX_POINT('',#3828);
#1251=VERTEX_POINT('',#3830);
#1252=VERTEX_POINT('',#3839);
#1253=VERTEX_POINT('',#3840);
#1254=VERTEX_POINT('',#3842);
#1255=VERTEX_POINT('',#3844);
#1256=VERTEX_POINT('',#3848);
#1257=VERTEX_POINT('',#3850);
#1258=VERTEX_POINT('',#3854);
#1259=VERTEX_POINT('',#3856);
#1260=VERTEX_POINT('',#3865);
#1261=VERTEX_POINT('',#3866);
#1262=VERTEX_POINT('',#3868);
#1263=VERTEX_POINT('',#3870);
#1264=VERTEX_POINT('',#3874);
#1265=VERTEX_POINT('',#3876);
#1266=VERTEX_POINT('',#3880);
#1267=VERTEX_POINT('',#3882);
#1268=VERTEX_POINT('',#3891);
#1269=VERTEX_POINT('',#3892);
#1270=VERTEX_POINT('',#3894);
#1271=VERTEX_POINT('',#3896);
#1272=VERTEX_POINT('',#3900);
#1273=VERTEX_POINT('',#3902);
#1274=VERTEX_POINT('',#3906);
#1275=VERTEX_POINT('',#3908);
#1276=VERTEX_POINT('',#3917);
#1277=VERTEX_POINT('',#3919);
#1278=VERTEX_POINT('',#3924);
#1279=VERTEX_POINT('',#3925);
#1280=VERTEX_POINT('',#3927);
#1281=VERTEX_POINT('',#3929);
#1282=VERTEX_POINT('',#3933);
#1283=VERTEX_POINT('',#3935);
#1284=VERTEX_POINT('',#3939);
#1285=VERTEX_POINT('',#3941);
#1286=VERTEX_POINT('',#3945);
#1287=VERTEX_POINT('',#3947);
#1288=VERTEX_POINT('',#3951);
#1289=VERTEX_POINT('',#3953);
#1290=VERTEX_POINT('',#3957);
#1291=VERTEX_POINT('',#3959);
#1292=VERTEX_POINT('',#3963);
#1293=VERTEX_POINT('',#3965);
#1294=VERTEX_POINT('',#3969);
#1295=VERTEX_POINT('',#3971);
#1296=VERTEX_POINT('',#3975);
#1297=VERTEX_POINT('',#3977);
#1298=VERTEX_POINT('',#3981);
#1299=VERTEX_POINT('',#3983);
#1300=VERTEX_POINT('',#3987);
#1301=VERTEX_POINT('',#3989);
#1302=VERTEX_POINT('',#3998);
#1303=VERTEX_POINT('',#3999);
#1304=VERTEX_POINT('',#4001);
#1305=VERTEX_POINT('',#4003);
#1306=VERTEX_POINT('',#4007);
#1307=VERTEX_POINT('',#4009);
#1308=VERTEX_POINT('',#4018);
#1309=VERTEX_POINT('',#4019);
#1310=VERTEX_POINT('',#4021);
#1311=VERTEX_POINT('',#4023);
#1312=VERTEX_POINT('',#4027);
#1313=VERTEX_POINT('',#4029);
#1314=VERTEX_POINT('',#4033);
#1315=VERTEX_POINT('',#4035);
#1316=VERTEX_POINT('',#4039);
#1317=VERTEX_POINT('',#4041);
#1318=VERTEX_POINT('',#4045);
#1319=VERTEX_POINT('',#4047);
#1320=VERTEX_POINT('',#4056);
#1321=VERTEX_POINT('',#4057);
#1322=VERTEX_POINT('',#4059);
#1323=VERTEX_POINT('',#4061);
#1324=VERTEX_POINT('',#4065);
#1325=VERTEX_POINT('',#4067);
#1326=VERTEX_POINT('',#4076);
#1327=VERTEX_POINT('',#4077);
#1328=VERTEX_POINT('',#4079);
#1329=VERTEX_POINT('',#4081);
#1330=VERTEX_POINT('',#4085);
#1331=VERTEX_POINT('',#4087);
#1332=VERTEX_POINT('',#4091);
#1333=VERTEX_POINT('',#4093);
#1334=VERTEX_POINT('',#4097);
#1335=VERTEX_POINT('',#4099);
#1336=VERTEX_POINT('',#4103);
#1337=VERTEX_POINT('',#4105);
#1338=VERTEX_POINT('',#4114);
#1339=VERTEX_POINT('',#4115);
#1340=VERTEX_POINT('',#4117);
#1341=VERTEX_POINT('',#4119);
#1342=VERTEX_POINT('',#4123);
#1343=VERTEX_POINT('',#4125);
#1344=VERTEX_POINT('',#4129);
#1345=VERTEX_POINT('',#4131);
#1346=VERTEX_POINT('',#4135);
#1347=VERTEX_POINT('',#4137);
#1348=VERTEX_POINT('',#4141);
#1349=VERTEX_POINT('',#4143);
#1350=VERTEX_POINT('',#4150);
#1351=VERTEX_POINT('',#4151);
#1352=VERTEX_POINT('',#4153);
#1353=VERTEX_POINT('',#4155);
#1354=VERTEX_POINT('',#4159);
#1355=VERTEX_POINT('',#4161);
#1356=VERTEX_POINT('',#4165);
#1357=VERTEX_POINT('',#4167);
#1358=VERTEX_POINT('',#4171);
#1359=VERTEX_POINT('',#4173);
#1360=VERTEX_POINT('',#4177);
#1361=VERTEX_POINT('',#4179);
#1362=VERTEX_POINT('',#4183);
#1363=VERTEX_POINT('',#4185);
#1364=VERTEX_POINT('',#4189);
#1365=VERTEX_POINT('',#4191);
#1366=VERTEX_POINT('',#4195);
#1367=VERTEX_POINT('',#4197);
#1368=VERTEX_POINT('',#4201);
#1369=VERTEX_POINT('',#4203);
#1370=VERTEX_POINT('',#4207);
#1371=VERTEX_POINT('',#4209);
#1372=VERTEX_POINT('',#4213);
#1373=VERTEX_POINT('',#4215);
#1374=VERTEX_POINT('',#4219);
#1375=VERTEX_POINT('',#4221);
#1376=VERTEX_POINT('',#4225);
#1377=VERTEX_POINT('',#4227);
#1378=VERTEX_POINT('',#4231);
#1379=VERTEX_POINT('',#4233);
#1380=VERTEX_POINT('',#4237);
#1381=VERTEX_POINT('',#4239);
#1382=VERTEX_POINT('',#4243);
#1383=VERTEX_POINT('',#4245);
#1384=VERTEX_POINT('',#4249);
#1385=VERTEX_POINT('',#4251);
#1386=VERTEX_POINT('',#4255);
#1387=VERTEX_POINT('',#4257);
#1388=VERTEX_POINT('',#4261);
#1389=VERTEX_POINT('',#4263);
#1390=VERTEX_POINT('',#4267);
#1391=VERTEX_POINT('',#4269);
#1392=VERTEX_POINT('',#4273);
#1393=VERTEX_POINT('',#4275);
#1394=VERTEX_POINT('',#4279);
#1395=VERTEX_POINT('',#4281);
#1396=EDGE_CURVE('',#1158,#1159,#524,.T.);
#1397=EDGE_CURVE('',#1159,#1160,#520,.T.);
#1398=EDGE_CURVE('',#1160,#1161,#525,.T.);
#1399=EDGE_CURVE('',#1158,#1161,#521,.T.);
#1400=EDGE_CURVE('',#1162,#1160,#526,.T.);
#1401=EDGE_CURVE('',#1159,#1163,#527,.T.);
#1402=EDGE_CURVE('',#1163,#1162,#522,.T.);
#1403=EDGE_CURVE('',#1164,#1162,#528,.T.);
#1404=EDGE_CURVE('',#1163,#1165,#529,.T.);
#1405=EDGE_CURVE('',#1165,#1164,#523,.T.);
#1406=EDGE_CURVE('',#1161,#1164,#530,.T.);
#1407=EDGE_CURVE('',#1165,#1158,#531,.T.);
#1408=EDGE_CURVE('',#1166,#1161,#532,.T.);
#1409=EDGE_CURVE('',#1166,#1167,#533,.T.);
#1410=EDGE_CURVE('',#1167,#1164,#534,.T.);
#1411=EDGE_CURVE('',#1168,#1160,#535,.T.);
#1412=EDGE_CURVE('',#1168,#1166,#536,.T.);
#1413=EDGE_CURVE('',#1169,#1169,#51,.T.);
#1414=EDGE_CURVE('',#1170,#1170,#52,.T.);
#1415=EDGE_CURVE('',#1171,#1162,#537,.T.);
#1416=EDGE_CURVE('',#1171,#1168,#538,.T.);
#1417=EDGE_CURVE('',#1167,#1171,#539,.T.);
#1418=EDGE_CURVE('',#1172,#1173,#540,.T.);
#1419=EDGE_CURVE('',#1174,#1173,#541,.T.);
#1420=EDGE_CURVE('',#1175,#1174,#542,.T.);
#1421=EDGE_CURVE('',#1175,#1172,#543,.T.);
#1422=EDGE_CURVE('',#1173,#1176,#544,.T.);
#1423=EDGE_CURVE('',#1177,#1176,#545,.T.);
#1424=EDGE_CURVE('',#1174,#1177,#546,.T.);
#1425=EDGE_CURVE('',#1176,#1178,#547,.T.);
#1426=EDGE_CURVE('',#1179,#1178,#548,.T.);
#1427=EDGE_CURVE('',#1177,#1179,#549,.T.);
#1428=EDGE_CURVE('',#1178,#1172,#550,.T.);
#1429=EDGE_CURVE('',#1179,#1175,#551,.T.);
#1430=EDGE_CURVE('',#1180,#1181,#552,.T.);
#1431=EDGE_CURVE('',#1180,#1182,#553,.T.);
#1432=EDGE_CURVE('',#1183,#1182,#554,.T.);
#1433=EDGE_CURVE('',#1181,#1183,#555,.T.);
#1434=EDGE_CURVE('',#1181,#1184,#556,.T.);
#1435=EDGE_CURVE('',#1185,#1183,#557,.T.);
#1436=EDGE_CURVE('',#1184,#1185,#558,.T.);
#1437=EDGE_CURVE('',#1184,#1186,#559,.T.);
#1438=EDGE_CURVE('',#1187,#1185,#560,.T.);
#1439=EDGE_CURVE('',#1186,#1187,#561,.T.);
#1440=EDGE_CURVE('',#1186,#1188,#562,.T.);
#1441=EDGE_CURVE('',#1189,#1187,#563,.T.);
#1442=EDGE_CURVE('',#1188,#1189,#564,.T.);
#1443=EDGE_CURVE('',#1188,#1190,#565,.T.);
#1444=EDGE_CURVE('',#1191,#1189,#566,.T.);
#1445=EDGE_CURVE('',#1190,#1191,#567,.T.);
#1446=EDGE_CURVE('',#1190,#1192,#568,.T.);
#1447=EDGE_CURVE('',#1193,#1191,#569,.T.);
#1448=EDGE_CURVE('',#1192,#1193,#570,.T.);
#1449=EDGE_CURVE('',#1192,#1194,#571,.T.);
#1450=EDGE_CURVE('',#1195,#1193,#572,.T.);
#1451=EDGE_CURVE('',#1194,#1195,#573,.T.);
#1452=EDGE_CURVE('',#1194,#1196,#574,.T.);
#1453=EDGE_CURVE('',#1197,#1195,#575,.T.);
#1454=EDGE_CURVE('',#1196,#1197,#576,.T.);
#1455=EDGE_CURVE('',#1196,#1198,#577,.T.);
#1456=EDGE_CURVE('',#1199,#1197,#578,.T.);
#1457=EDGE_CURVE('',#1198,#1199,#579,.T.);
#1458=EDGE_CURVE('',#1198,#1200,#580,.T.);
#1459=EDGE_CURVE('',#1201,#1199,#581,.T.);
#1460=EDGE_CURVE('',#1200,#1201,#582,.T.);
#1461=EDGE_CURVE('',#1200,#1202,#583,.T.);
#1462=EDGE_CURVE('',#1203,#1201,#584,.T.);
#1463=EDGE_CURVE('',#1202,#1203,#585,.T.);
#1464=EDGE_CURVE('',#1202,#1204,#586,.T.);
#1465=EDGE_CURVE('',#1205,#1203,#587,.T.);
#1466=EDGE_CURVE('',#1204,#1205,#588,.T.);
#1467=EDGE_CURVE('',#1204,#1206,#589,.T.);
#1468=EDGE_CURVE('',#1207,#1205,#590,.T.);
#1469=EDGE_CURVE('',#1206,#1207,#591,.T.);
#1470=EDGE_CURVE('',#1206,#1208,#592,.T.);
#1471=EDGE_CURVE('',#1209,#1207,#593,.T.);
#1472=EDGE_CURVE('',#1208,#1209,#594,.T.);
#1473=EDGE_CURVE('',#1208,#1210,#595,.T.);
#1474=EDGE_CURVE('',#1211,#1209,#596,.T.);
#1475=EDGE_CURVE('',#1210,#1211,#597,.T.);
#1476=EDGE_CURVE('',#1210,#1212,#598,.T.);
#1477=EDGE_CURVE('',#1213,#1211,#599,.T.);
#1478=EDGE_CURVE('',#1212,#1213,#600,.T.);
#1479=EDGE_CURVE('',#1212,#1214,#601,.T.);
#1480=EDGE_CURVE('',#1215,#1213,#602,.T.);
#1481=EDGE_CURVE('',#1214,#1215,#603,.T.);
#1482=EDGE_CURVE('',#1214,#1216,#604,.T.);
#1483=EDGE_CURVE('',#1217,#1215,#605,.T.);
#1484=EDGE_CURVE('',#1216,#1217,#606,.T.);
#1485=EDGE_CURVE('',#1216,#1218,#607,.T.);
#1486=EDGE_CURVE('',#1219,#1217,#608,.T.);
#1487=EDGE_CURVE('',#1218,#1219,#609,.T.);
#1488=EDGE_CURVE('',#1218,#1220,#610,.T.);
#1489=EDGE_CURVE('',#1221,#1219,#611,.T.);
#1490=EDGE_CURVE('',#1220,#1221,#612,.T.);
#1491=EDGE_CURVE('',#1220,#1222,#613,.T.);
#1492=EDGE_CURVE('',#1223,#1221,#614,.T.);
#1493=EDGE_CURVE('',#1222,#1223,#615,.T.);
#1494=EDGE_CURVE('',#1222,#1224,#616,.T.);
#1495=EDGE_CURVE('',#1225,#1223,#617,.T.);
#1496=EDGE_CURVE('',#1224,#1225,#618,.T.);
#1497=EDGE_CURVE('',#1224,#1226,#619,.T.);
#1498=EDGE_CURVE('',#1227,#1225,#620,.T.);
#1499=EDGE_CURVE('',#1226,#1227,#621,.T.);
#1500=EDGE_CURVE('',#1226,#1228,#622,.T.);
#1501=EDGE_CURVE('',#1229,#1227,#623,.T.);
#1502=EDGE_CURVE('',#1228,#1229,#624,.T.);
#1503=EDGE_CURVE('',#1228,#1230,#625,.T.);
#1504=EDGE_CURVE('',#1231,#1229,#626,.T.);
#1505=EDGE_CURVE('',#1230,#1231,#627,.T.);
#1506=EDGE_CURVE('',#1230,#1232,#628,.T.);
#1507=EDGE_CURVE('',#1233,#1231,#629,.T.);
#1508=EDGE_CURVE('',#1232,#1233,#630,.T.);
#1509=EDGE_CURVE('',#1232,#1234,#631,.T.);
#1510=EDGE_CURVE('',#1235,#1233,#632,.T.);
#1511=EDGE_CURVE('',#1234,#1235,#633,.T.);
#1512=EDGE_CURVE('',#1234,#1236,#634,.T.);
#1513=EDGE_CURVE('',#1237,#1235,#635,.T.);
#1514=EDGE_CURVE('',#1236,#1237,#636,.T.);
#1515=EDGE_CURVE('',#1236,#1238,#637,.T.);
#1516=EDGE_CURVE('',#1239,#1237,#638,.T.);
#1517=EDGE_CURVE('',#1238,#1239,#639,.T.);
#1518=EDGE_CURVE('',#1238,#1240,#640,.T.);
#1519=EDGE_CURVE('',#1241,#1239,#641,.T.);
#1520=EDGE_CURVE('',#1240,#1241,#642,.T.);
#1521=EDGE_CURVE('',#1240,#1242,#643,.T.);
#1522=EDGE_CURVE('',#1243,#1241,#644,.T.);
#1523=EDGE_CURVE('',#1242,#1243,#645,.T.);
#1524=EDGE_CURVE('',#1242,#1180,#646,.T.);
#1525=EDGE_CURVE('',#1182,#1243,#647,.T.);
#1526=EDGE_CURVE('',#1244,#1245,#648,.T.);
#1527=EDGE_CURVE('',#1244,#1246,#649,.T.);
#1528=EDGE_CURVE('',#1247,#1246,#650,.T.);
#1529=EDGE_CURVE('',#1245,#1247,#651,.T.);
#1530=EDGE_CURVE('',#1245,#1248,#652,.T.);
#1531=EDGE_CURVE('',#1249,#1247,#653,.T.);
#1532=EDGE_CURVE('',#1248,#1249,#654,.T.);
#1533=EDGE_CURVE('',#1248,#1250,#655,.T.);
#1534=EDGE_CURVE('',#1251,#1249,#656,.T.);
#1535=EDGE_CURVE('',#1250,#1251,#657,.T.);
#1536=EDGE_CURVE('',#1250,#1244,#658,.T.);
#1537=EDGE_CURVE('',#1246,#1251,#659,.T.);
#1538=EDGE_CURVE('',#1252,#1253,#660,.T.);
#1539=EDGE_CURVE('',#1252,#1254,#661,.T.);
#1540=EDGE_CURVE('',#1255,#1254,#662,.T.);
#1541=EDGE_CURVE('',#1253,#1255,#663,.T.);
#1542=EDGE_CURVE('',#1253,#1256,#664,.T.);
#1543=EDGE_CURVE('',#1257,#1255,#665,.T.);
#1544=EDGE_CURVE('',#1256,#1257,#666,.T.);
#1545=EDGE_CURVE('',#1256,#1258,#667,.T.);
#1546=EDGE_CURVE('',#1259,#1257,#668,.T.);
#1547=EDGE_CURVE('',#1258,#1259,#669,.T.);
#1548=EDGE_CURVE('',#1258,#1252,#670,.T.);
#1549=EDGE_CURVE('',#1254,#1259,#671,.T.);
#1550=EDGE_CURVE('',#1260,#1261,#672,.T.);
#1551=EDGE_CURVE('',#1260,#1262,#673,.T.);
#1552=EDGE_CURVE('',#1263,#1262,#674,.T.);
#1553=EDGE_CURVE('',#1261,#1263,#675,.T.);
#1554=EDGE_CURVE('',#1261,#1264,#676,.T.);
#1555=EDGE_CURVE('',#1265,#1263,#677,.T.);
#1556=EDGE_CURVE('',#1264,#1265,#678,.T.);
#1557=EDGE_CURVE('',#1264,#1266,#679,.T.);
#1558=EDGE_CURVE('',#1267,#1265,#680,.T.);
#1559=EDGE_CURVE('',#1266,#1267,#681,.T.);
#1560=EDGE_CURVE('',#1266,#1260,#682,.T.);
#1561=EDGE_CURVE('',#1262,#1267,#683,.T.);
#1562=EDGE_CURVE('',#1268,#1269,#684,.T.);
#1563=EDGE_CURVE('',#1268,#1270,#685,.T.);
#1564=EDGE_CURVE('',#1271,#1270,#686,.T.);
#1565=EDGE_CURVE('',#1269,#1271,#687,.T.);
#1566=EDGE_CURVE('',#1269,#1272,#688,.T.);
#1567=EDGE_CURVE('',#1273,#1271,#689,.T.);
#1568=EDGE_CURVE('',#1272,#1273,#690,.T.);
#1569=EDGE_CURVE('',#1272,#1274,#691,.T.);
#1570=EDGE_CURVE('',#1275,#1273,#692,.T.);
#1571=EDGE_CURVE('',#1274,#1275,#693,.T.);
#1572=EDGE_CURVE('',#1274,#1268,#694,.T.);
#1573=EDGE_CURVE('',#1270,#1275,#695,.T.);
#1574=EDGE_CURVE('',#1276,#1276,#53,.T.);
#1575=EDGE_CURVE('',#1277,#1277,#54,.T.);
#1576=EDGE_CURVE('',#1278,#1279,#696,.T.);
#1577=EDGE_CURVE('',#1279,#1280,#697,.T.);
#1578=EDGE_CURVE('',#1281,#1280,#698,.T.);
#1579=EDGE_CURVE('',#1278,#1281,#699,.T.);
#1580=EDGE_CURVE('',#1282,#1278,#700,.T.);
#1581=EDGE_CURVE('',#1283,#1281,#701,.T.);
#1582=EDGE_CURVE('',#1282,#1283,#702,.T.);
#1583=EDGE_CURVE('',#1284,#1282,#703,.T.);
#1584=EDGE_CURVE('',#1285,#1283,#704,.T.);
#1585=EDGE_CURVE('',#1284,#1285,#705,.T.);
#1586=EDGE_CURVE('',#1286,#1284,#706,.T.);
#1587=EDGE_CURVE('',#1287,#1285,#707,.T.);
#1588=EDGE_CURVE('',#1286,#1287,#708,.T.);
#1589=EDGE_CURVE('',#1288,#1286,#709,.T.);
#1590=EDGE_CURVE('',#1289,#1287,#710,.T.);
#1591=EDGE_CURVE('',#1288,#1289,#711,.T.);
#1592=EDGE_CURVE('',#1290,#1288,#712,.T.);
#1593=EDGE_CURVE('',#1291,#1289,#713,.T.);
#1594=EDGE_CURVE('',#1290,#1291,#714,.T.);
#1595=EDGE_CURVE('',#1292,#1290,#715,.T.);
#1596=EDGE_CURVE('',#1293,#1291,#716,.T.);
#1597=EDGE_CURVE('',#1292,#1293,#717,.T.);
#1598=EDGE_CURVE('',#1294,#1292,#718,.T.);
#1599=EDGE_CURVE('',#1295,#1293,#719,.T.);
#1600=EDGE_CURVE('',#1294,#1295,#720,.T.);
#1601=EDGE_CURVE('',#1296,#1294,#721,.T.);
#1602=EDGE_CURVE('',#1297,#1295,#722,.T.);
#1603=EDGE_CURVE('',#1296,#1297,#723,.T.);
#1604=EDGE_CURVE('',#1298,#1296,#724,.T.);
#1605=EDGE_CURVE('',#1299,#1297,#725,.T.);
#1606=EDGE_CURVE('',#1298,#1299,#726,.T.);
#1607=EDGE_CURVE('',#1300,#1298,#727,.T.);
#1608=EDGE_CURVE('',#1301,#1299,#728,.T.);
#1609=EDGE_CURVE('',#1300,#1301,#729,.T.);
#1610=EDGE_CURVE('',#1279,#1300,#730,.T.);
#1611=EDGE_CURVE('',#1280,#1301,#731,.T.);
#1612=EDGE_CURVE('',#1302,#1303,#732,.T.);
#1613=EDGE_CURVE('',#1303,#1304,#733,.T.);
#1614=EDGE_CURVE('',#1305,#1304,#734,.T.);
#1615=EDGE_CURVE('',#1302,#1305,#735,.T.);
#1616=EDGE_CURVE('',#1306,#1302,#55,.T.);
#1617=EDGE_CURVE('',#1307,#1305,#56,.T.);
#1618=EDGE_CURVE('',#1306,#1307,#736,.T.);
#1619=EDGE_CURVE('',#1303,#1306,#737,.T.);
#1620=EDGE_CURVE('',#1304,#1307,#738,.T.);
#1621=EDGE_CURVE('',#1308,#1309,#739,.T.);
#1622=EDGE_CURVE('',#1309,#1310,#740,.T.);
#1623=EDGE_CURVE('',#1311,#1310,#741,.T.);
#1624=EDGE_CURVE('',#1308,#1311,#742,.T.);
#1625=EDGE_CURVE('',#1312,#1308,#743,.T.);
#1626=EDGE_CURVE('',#1313,#1311,#744,.T.);
#1627=EDGE_CURVE('',#1312,#1313,#745,.T.);
#1628=EDGE_CURVE('',#1314,#1312,#746,.T.);
#1629=EDGE_CURVE('',#1315,#1313,#747,.T.);
#1630=EDGE_CURVE('',#1314,#1315,#748,.T.);
#1631=EDGE_CURVE('',#1316,#1314,#57,.T.);
#1632=EDGE_CURVE('',#1317,#1315,#58,.T.);
#1633=EDGE_CURVE('',#1316,#1317,#749,.T.);
#1634=EDGE_CURVE('',#1318,#1316,#750,.T.);
#1635=EDGE_CURVE('',#1319,#1317,#751,.T.);
#1636=EDGE_CURVE('',#1318,#1319,#752,.T.);
#1637=EDGE_CURVE('',#1309,#1318,#753,.T.);
#1638=EDGE_CURVE('',#1310,#1319,#754,.T.);
#1639=EDGE_CURVE('',#1320,#1321,#59,.T.);
#1640=EDGE_CURVE('',#1321,#1322,#755,.T.);
#1641=EDGE_CURVE('',#1323,#1322,#60,.T.);
#1642=EDGE_CURVE('',#1320,#1323,#756,.T.);
#1643=EDGE_CURVE('',#1324,#1320,#757,.T.);
#1644=EDGE_CURVE('',#1325,#1323,#758,.T.);
#1645=EDGE_CURVE('',#1324,#1325,#759,.T.);
#1646=EDGE_CURVE('',#1321,#1324,#760,.T.);
#1647=EDGE_CURVE('',#1322,#1325,#761,.T.);
#1648=EDGE_CURVE('',#1326,#1327,#61,.T.);
#1649=EDGE_CURVE('',#1327,#1328,#762,.T.);
#1650=EDGE_CURVE('',#1329,#1328,#62,.T.);
#1651=EDGE_CURVE('',#1326,#1329,#763,.T.);
#1652=EDGE_CURVE('',#1330,#1326,#764,.T.);
#1653=EDGE_CURVE('',#1331,#1329,#765,.T.);
#1654=EDGE_CURVE('',#1330,#1331,#766,.T.);
#1655=EDGE_CURVE('',#1332,#1330,#767,.T.);
#1656=EDGE_CURVE('',#1333,#1331,#768,.T.);
#1657=EDGE_CURVE('',#1332,#1333,#769,.T.);
#1658=EDGE_CURVE('',#1334,#1332,#770,.T.);
#1659=EDGE_CURVE('',#1335,#1333,#771,.T.);
#1660=EDGE_CURVE('',#1334,#1335,#772,.T.);
#1661=EDGE_CURVE('',#1336,#1334,#773,.T.);
#1662=EDGE_CURVE('',#1337,#1335,#774,.T.);
#1663=EDGE_CURVE('',#1336,#1337,#775,.T.);
#1664=EDGE_CURVE('',#1327,#1336,#776,.T.);
#1665=EDGE_CURVE('',#1328,#1337,#777,.T.);
#1666=EDGE_CURVE('',#1338,#1339,#778,.T.);
#1667=EDGE_CURVE('',#1338,#1340,#779,.T.);
#1668=EDGE_CURVE('',#1341,#1340,#780,.T.);
#1669=EDGE_CURVE('',#1339,#1341,#781,.T.);
#1670=EDGE_CURVE('',#1342,#1338,#63,.T.);
#1671=EDGE_CURVE('',#1342,#1343,#782,.T.);
#1672=EDGE_CURVE('',#1340,#1343,#64,.T.);
#1673=EDGE_CURVE('',#1344,#1342,#65,.T.);
#1674=EDGE_CURVE('',#1344,#1345,#783,.T.);
#1675=EDGE_CURVE('',#1343,#1345,#66,.T.);
#1676=EDGE_CURVE('',#1346,#1344,#67,.T.);
#1677=EDGE_CURVE('',#1346,#1347,#784,.T.);
#1678=EDGE_CURVE('',#1345,#1347,#68,.T.);
#1679=EDGE_CURVE('',#1348,#1346,#785,.T.);
#1680=EDGE_CURVE('',#1348,#1349,#786,.T.);
#1681=EDGE_CURVE('',#1347,#1349,#787,.T.);
#1682=EDGE_CURVE('',#1339,#1348,#788,.T.);
#1683=EDGE_CURVE('',#1349,#1341,#789,.T.);
#1684=EDGE_CURVE('',#1350,#1351,#790,.T.);
#1685=EDGE_CURVE('',#1351,#1352,#791,.T.);
#1686=EDGE_CURVE('',#1353,#1352,#792,.T.);
#1687=EDGE_CURVE('',#1350,#1353,#793,.T.);
#1688=EDGE_CURVE('',#1354,#1350,#794,.T.);
#1689=EDGE_CURVE('',#1355,#1353,#795,.T.);
#1690=EDGE_CURVE('',#1354,#1355,#796,.T.);
#1691=EDGE_CURVE('',#1356,#1354,#797,.T.);
#1692=EDGE_CURVE('',#1357,#1355,#798,.T.);
#1693=EDGE_CURVE('',#1356,#1357,#799,.T.);
#1694=EDGE_CURVE('',#1358,#1356,#800,.T.);
#1695=EDGE_CURVE('',#1359,#1357,#801,.T.);
#1696=EDGE_CURVE('',#1358,#1359,#802,.T.);
#1697=EDGE_CURVE('',#1360,#1358,#803,.T.);
#1698=EDGE_CURVE('',#1361,#1359,#804,.T.);
#1699=EDGE_CURVE('',#1360,#1361,#805,.T.);
#1700=EDGE_CURVE('',#1362,#1360,#806,.T.);
#1701=EDGE_CURVE('',#1363,#1361,#807,.T.);
#1702=EDGE_CURVE('',#1362,#1363,#808,.T.);
#1703=EDGE_CURVE('',#1364,#1362,#809,.T.);
#1704=EDGE_CURVE('',#1365,#1363,#810,.T.);
#1705=EDGE_CURVE('',#1364,#1365,#811,.T.);
#1706=EDGE_CURVE('',#1366,#1364,#812,.T.);
#1707=EDGE_CURVE('',#1367,#1365,#813,.T.);
#1708=EDGE_CURVE('',#1366,#1367,#814,.T.);
#1709=EDGE_CURVE('',#1368,#1366,#69,.T.);
#1710=EDGE_CURVE('',#1369,#1367,#70,.T.);
#1711=EDGE_CURVE('',#1368,#1369,#815,.T.);
#1712=EDGE_CURVE('',#1370,#1368,#71,.T.);
#1713=EDGE_CURVE('',#1371,#1369,#72,.T.);
#1714=EDGE_CURVE('',#1370,#1371,#816,.T.);
#1715=EDGE_CURVE('',#1372,#1370,#73,.T.);
#1716=EDGE_CURVE('',#1373,#1371,#74,.T.);
#1717=EDGE_CURVE('',#1372,#1373,#817,.T.);
#1718=EDGE_CURVE('',#1374,#1372,#75,.T.);
#1719=EDGE_CURVE('',#1375,#1373,#76,.T.);
#1720=EDGE_CURVE('',#1374,#1375,#818,.T.);
#1721=EDGE_CURVE('',#1376,#1374,#77,.T.);
#1722=EDGE_CURVE('',#1377,#1375,#78,.T.);
#1723=EDGE_CURVE('',#1376,#1377,#819,.T.);
#1724=EDGE_CURVE('',#1378,#1376,#79,.T.);
#1725=EDGE_CURVE('',#1379,#1377,#80,.T.);
#1726=EDGE_CURVE('',#1378,#1379,#820,.T.);
#1727=EDGE_CURVE('',#1380,#1378,#821,.T.);
#1728=EDGE_CURVE('',#1381,#1379,#822,.T.);
#1729=EDGE_CURVE('',#1380,#1381,#823,.T.);
#1730=EDGE_CURVE('',#1382,#1380,#824,.T.);
#1731=EDGE_CURVE('',#1383,#1381,#825,.T.);
#1732=EDGE_CURVE('',#1382,#1383,#826,.T.);
#1733=EDGE_CURVE('',#1384,#1382,#827,.T.);
#1734=EDGE_CURVE('',#1385,#1383,#828,.T.);
#1735=EDGE_CURVE('',#1384,#1385,#829,.T.);
#1736=EDGE_CURVE('',#1386,#1384,#81,.T.);
#1737=EDGE_CURVE('',#1387,#1385,#82,.T.);
#1738=EDGE_CURVE('',#1386,#1387,#830,.T.);
#1739=EDGE_CURVE('',#1388,#1386,#83,.T.);
#1740=EDGE_CURVE('',#1389,#1387,#84,.T.);
#1741=EDGE_CURVE('',#1388,#1389,#831,.T.);
#1742=EDGE_CURVE('',#1390,#1388,#85,.T.);
#1743=EDGE_CURVE('',#1391,#1389,#86,.T.);
#1744=EDGE_CURVE('',#1390,#1391,#832,.T.);
#1745=EDGE_CURVE('',#1392,#1390,#833,.T.);
#1746=EDGE_CURVE('',#1393,#1391,#834,.T.);
#1747=EDGE_CURVE('',#1392,#1393,#835,.T.);
#1748=EDGE_CURVE('',#1394,#1392,#836,.T.);
#1749=EDGE_CURVE('',#1395,#1393,#837,.T.);
#1750=EDGE_CURVE('',#1394,#1395,#838,.T.);
#1751=EDGE_CURVE('',#1351,#1394,#839,.T.);
#1752=EDGE_CURVE('',#1352,#1395,#840,.T.);
#1753=ORIENTED_EDGE('',*,*,#1396,.T.);
#1754=ORIENTED_EDGE('',*,*,#1397,.T.);
#1755=ORIENTED_EDGE('',*,*,#1398,.T.);
#1756=ORIENTED_EDGE('',*,*,#1399,.F.);
#1757=ORIENTED_EDGE('',*,*,#1400,.T.);
#1758=ORIENTED_EDGE('',*,*,#1397,.F.);
#1759=ORIENTED_EDGE('',*,*,#1401,.T.);
#1760=ORIENTED_EDGE('',*,*,#1402,.T.);
#1761=ORIENTED_EDGE('',*,*,#1403,.T.);
#1762=ORIENTED_EDGE('',*,*,#1402,.F.);
#1763=ORIENTED_EDGE('',*,*,#1404,.T.);
#1764=ORIENTED_EDGE('',*,*,#1405,.T.);
#1765=ORIENTED_EDGE('',*,*,#1406,.T.);
#1766=ORIENTED_EDGE('',*,*,#1405,.F.);
#1767=ORIENTED_EDGE('',*,*,#1407,.T.);
#1768=ORIENTED_EDGE('',*,*,#1399,.T.);
#1769=ORIENTED_EDGE('',*,*,#1406,.F.);
#1770=ORIENTED_EDGE('',*,*,#1408,.F.);
#1771=ORIENTED_EDGE('',*,*,#1409,.T.);
#1772=ORIENTED_EDGE('',*,*,#1410,.T.);
#1773=ORIENTED_EDGE('',*,*,#1398,.F.);
#1774=ORIENTED_EDGE('',*,*,#1411,.F.);
#1775=ORIENTED_EDGE('',*,*,#1412,.T.);
#1776=ORIENTED_EDGE('',*,*,#1408,.T.);
#1777=ORIENTED_EDGE('',*,*,#1396,.F.);
#1778=ORIENTED_EDGE('',*,*,#1407,.F.);
#1779=ORIENTED_EDGE('',*,*,#1404,.F.);
#1780=ORIENTED_EDGE('',*,*,#1401,.F.);
#1781=ORIENTED_EDGE('',*,*,#1413,.T.);
#1782=ORIENTED_EDGE('',*,*,#1414,.T.);
#1783=ORIENTED_EDGE('',*,*,#1413,.F.);
#1784=ORIENTED_EDGE('',*,*,#1414,.F.);
#1785=ORIENTED_EDGE('',*,*,#1400,.F.);
#1786=ORIENTED_EDGE('',*,*,#1415,.F.);
#1787=ORIENTED_EDGE('',*,*,#1416,.T.);
#1788=ORIENTED_EDGE('',*,*,#1411,.T.);
#1789=ORIENTED_EDGE('',*,*,#1403,.F.);
#1790=ORIENTED_EDGE('',*,*,#1410,.F.);
#1791=ORIENTED_EDGE('',*,*,#1417,.T.);
#1792=ORIENTED_EDGE('',*,*,#1415,.T.);
#1793=ORIENTED_EDGE('',*,*,#1409,.F.);
#1794=ORIENTED_EDGE('',*,*,#1412,.F.);
#1795=ORIENTED_EDGE('',*,*,#1416,.F.);
#1796=ORIENTED_EDGE('',*,*,#1417,.F.);
#1797=ORIENTED_EDGE('',*,*,#1418,.T.);
#1798=ORIENTED_EDGE('',*,*,#1419,.F.);
#1799=ORIENTED_EDGE('',*,*,#1420,.F.);
#1800=ORIENTED_EDGE('',*,*,#1421,.T.);
#1801=ORIENTED_EDGE('',*,*,#1422,.T.);
#1802=ORIENTED_EDGE('',*,*,#1423,.F.);
#1803=ORIENTED_EDGE('',*,*,#1424,.F.);
#1804=ORIENTED_EDGE('',*,*,#1419,.T.);
#1805=ORIENTED_EDGE('',*,*,#1425,.T.);
#1806=ORIENTED_EDGE('',*,*,#1426,.F.);
#1807=ORIENTED_EDGE('',*,*,#1427,.F.);
#1808=ORIENTED_EDGE('',*,*,#1423,.T.);
#1809=ORIENTED_EDGE('',*,*,#1428,.T.);
#1810=ORIENTED_EDGE('',*,*,#1421,.F.);
#1811=ORIENTED_EDGE('',*,*,#1429,.F.);
#1812=ORIENTED_EDGE('',*,*,#1426,.T.);
#1813=ORIENTED_EDGE('',*,*,#1418,.F.);
#1814=ORIENTED_EDGE('',*,*,#1428,.F.);
#1815=ORIENTED_EDGE('',*,*,#1425,.F.);
#1816=ORIENTED_EDGE('',*,*,#1422,.F.);
#1817=ORIENTED_EDGE('',*,*,#1429,.T.);
#1818=ORIENTED_EDGE('',*,*,#1420,.T.);
#1819=ORIENTED_EDGE('',*,*,#1424,.T.);
#1820=ORIENTED_EDGE('',*,*,#1427,.T.);
#1821=ORIENTED_EDGE('',*,*,#1430,.F.);
#1822=ORIENTED_EDGE('',*,*,#1431,.T.);
#1823=ORIENTED_EDGE('',*,*,#1432,.F.);
#1824=ORIENTED_EDGE('',*,*,#1433,.F.);
#1825=ORIENTED_EDGE('',*,*,#1434,.F.);
#1826=ORIENTED_EDGE('',*,*,#1433,.T.);
#1827=ORIENTED_EDGE('',*,*,#1435,.F.);
#1828=ORIENTED_EDGE('',*,*,#1436,.F.);
#1829=ORIENTED_EDGE('',*,*,#1437,.F.);
#1830=ORIENTED_EDGE('',*,*,#1436,.T.);
#1831=ORIENTED_EDGE('',*,*,#1438,.F.);
#1832=ORIENTED_EDGE('',*,*,#1439,.F.);
#1833=ORIENTED_EDGE('',*,*,#1440,.F.);
#1834=ORIENTED_EDGE('',*,*,#1439,.T.);
#1835=ORIENTED_EDGE('',*,*,#1441,.F.);
#1836=ORIENTED_EDGE('',*,*,#1442,.F.);
#1837=ORIENTED_EDGE('',*,*,#1443,.F.);
#1838=ORIENTED_EDGE('',*,*,#1442,.T.);
#1839=ORIENTED_EDGE('',*,*,#1444,.F.);
#1840=ORIENTED_EDGE('',*,*,#1445,.F.);
#1841=ORIENTED_EDGE('',*,*,#1446,.F.);
#1842=ORIENTED_EDGE('',*,*,#1445,.T.);
#1843=ORIENTED_EDGE('',*,*,#1447,.F.);
#1844=ORIENTED_EDGE('',*,*,#1448,.F.);
#1845=ORIENTED_EDGE('',*,*,#1449,.F.);
#1846=ORIENTED_EDGE('',*,*,#1448,.T.);
#1847=ORIENTED_EDGE('',*,*,#1450,.F.);
#1848=ORIENTED_EDGE('',*,*,#1451,.F.);
#1849=ORIENTED_EDGE('',*,*,#1452,.F.);
#1850=ORIENTED_EDGE('',*,*,#1451,.T.);
#1851=ORIENTED_EDGE('',*,*,#1453,.F.);
#1852=ORIENTED_EDGE('',*,*,#1454,.F.);
#1853=ORIENTED_EDGE('',*,*,#1455,.F.);
#1854=ORIENTED_EDGE('',*,*,#1454,.T.);
#1855=ORIENTED_EDGE('',*,*,#1456,.F.);
#1856=ORIENTED_EDGE('',*,*,#1457,.F.);
#1857=ORIENTED_EDGE('',*,*,#1458,.F.);
#1858=ORIENTED_EDGE('',*,*,#1457,.T.);
#1859=ORIENTED_EDGE('',*,*,#1459,.F.);
#1860=ORIENTED_EDGE('',*,*,#1460,.F.);
#1861=ORIENTED_EDGE('',*,*,#1461,.F.);
#1862=ORIENTED_EDGE('',*,*,#1460,.T.);
#1863=ORIENTED_EDGE('',*,*,#1462,.F.);
#1864=ORIENTED_EDGE('',*,*,#1463,.F.);
#1865=ORIENTED_EDGE('',*,*,#1464,.F.);
#1866=ORIENTED_EDGE('',*,*,#1463,.T.);
#1867=ORIENTED_EDGE('',*,*,#1465,.F.);
#1868=ORIENTED_EDGE('',*,*,#1466,.F.);
#1869=ORIENTED_EDGE('',*,*,#1467,.F.);
#1870=ORIENTED_EDGE('',*,*,#1466,.T.);
#1871=ORIENTED_EDGE('',*,*,#1468,.F.);
#1872=ORIENTED_EDGE('',*,*,#1469,.F.);
#1873=ORIENTED_EDGE('',*,*,#1470,.F.);
#1874=ORIENTED_EDGE('',*,*,#1469,.T.);
#1875=ORIENTED_EDGE('',*,*,#1471,.F.);
#1876=ORIENTED_EDGE('',*,*,#1472,.F.);
#1877=ORIENTED_EDGE('',*,*,#1473,.F.);
#1878=ORIENTED_EDGE('',*,*,#1472,.T.);
#1879=ORIENTED_EDGE('',*,*,#1474,.F.);
#1880=ORIENTED_EDGE('',*,*,#1475,.F.);
#1881=ORIENTED_EDGE('',*,*,#1476,.F.);
#1882=ORIENTED_EDGE('',*,*,#1475,.T.);
#1883=ORIENTED_EDGE('',*,*,#1477,.F.);
#1884=ORIENTED_EDGE('',*,*,#1478,.F.);
#1885=ORIENTED_EDGE('',*,*,#1479,.F.);
#1886=ORIENTED_EDGE('',*,*,#1478,.T.);
#1887=ORIENTED_EDGE('',*,*,#1480,.F.);
#1888=ORIENTED_EDGE('',*,*,#1481,.F.);
#1889=ORIENTED_EDGE('',*,*,#1482,.F.);
#1890=ORIENTED_EDGE('',*,*,#1481,.T.);
#1891=ORIENTED_EDGE('',*,*,#1483,.F.);
#1892=ORIENTED_EDGE('',*,*,#1484,.F.);
#1893=ORIENTED_EDGE('',*,*,#1485,.F.);
#1894=ORIENTED_EDGE('',*,*,#1484,.T.);
#1895=ORIENTED_EDGE('',*,*,#1486,.F.);
#1896=ORIENTED_EDGE('',*,*,#1487,.F.);
#1897=ORIENTED_EDGE('',*,*,#1488,.F.);
#1898=ORIENTED_EDGE('',*,*,#1487,.T.);
#1899=ORIENTED_EDGE('',*,*,#1489,.F.);
#1900=ORIENTED_EDGE('',*,*,#1490,.F.);
#1901=ORIENTED_EDGE('',*,*,#1491,.F.);
#1902=ORIENTED_EDGE('',*,*,#1490,.T.);
#1903=ORIENTED_EDGE('',*,*,#1492,.F.);
#1904=ORIENTED_EDGE('',*,*,#1493,.F.);
#1905=ORIENTED_EDGE('',*,*,#1494,.F.);
#1906=ORIENTED_EDGE('',*,*,#1493,.T.);
#1907=ORIENTED_EDGE('',*,*,#1495,.F.);
#1908=ORIENTED_EDGE('',*,*,#1496,.F.);
#1909=ORIENTED_EDGE('',*,*,#1497,.F.);
#1910=ORIENTED_EDGE('',*,*,#1496,.T.);
#1911=ORIENTED_EDGE('',*,*,#1498,.F.);
#1912=ORIENTED_EDGE('',*,*,#1499,.F.);
#1913=ORIENTED_EDGE('',*,*,#1500,.F.);
#1914=ORIENTED_EDGE('',*,*,#1499,.T.);
#1915=ORIENTED_EDGE('',*,*,#1501,.F.);
#1916=ORIENTED_EDGE('',*,*,#1502,.F.);
#1917=ORIENTED_EDGE('',*,*,#1503,.F.);
#1918=ORIENTED_EDGE('',*,*,#1502,.T.);
#1919=ORIENTED_EDGE('',*,*,#1504,.F.);
#1920=ORIENTED_EDGE('',*,*,#1505,.F.);
#1921=ORIENTED_EDGE('',*,*,#1506,.F.);
#1922=ORIENTED_EDGE('',*,*,#1505,.T.);
#1923=ORIENTED_EDGE('',*,*,#1507,.F.);
#1924=ORIENTED_EDGE('',*,*,#1508,.F.);
#1925=ORIENTED_EDGE('',*,*,#1509,.F.);
#1926=ORIENTED_EDGE('',*,*,#1508,.T.);
#1927=ORIENTED_EDGE('',*,*,#1510,.F.);
#1928=ORIENTED_EDGE('',*,*,#1511,.F.);
#1929=ORIENTED_EDGE('',*,*,#1512,.F.);
#1930=ORIENTED_EDGE('',*,*,#1511,.T.);
#1931=ORIENTED_EDGE('',*,*,#1513,.F.);
#1932=ORIENTED_EDGE('',*,*,#1514,.F.);
#1933=ORIENTED_EDGE('',*,*,#1515,.F.);
#1934=ORIENTED_EDGE('',*,*,#1514,.T.);
#1935=ORIENTED_EDGE('',*,*,#1516,.F.);
#1936=ORIENTED_EDGE('',*,*,#1517,.F.);
#1937=ORIENTED_EDGE('',*,*,#1518,.F.);
#1938=ORIENTED_EDGE('',*,*,#1517,.T.);
#1939=ORIENTED_EDGE('',*,*,#1519,.F.);
#1940=ORIENTED_EDGE('',*,*,#1520,.F.);
#1941=ORIENTED_EDGE('',*,*,#1521,.F.);
#1942=ORIENTED_EDGE('',*,*,#1520,.T.);
#1943=ORIENTED_EDGE('',*,*,#1522,.F.);
#1944=ORIENTED_EDGE('',*,*,#1523,.F.);
#1945=ORIENTED_EDGE('',*,*,#1524,.F.);
#1946=ORIENTED_EDGE('',*,*,#1523,.T.);
#1947=ORIENTED_EDGE('',*,*,#1525,.F.);
#1948=ORIENTED_EDGE('',*,*,#1431,.F.);
#1949=ORIENTED_EDGE('',*,*,#1524,.T.);
#1950=ORIENTED_EDGE('',*,*,#1430,.T.);
#1951=ORIENTED_EDGE('',*,*,#1434,.T.);
#1952=ORIENTED_EDGE('',*,*,#1437,.T.);
#1953=ORIENTED_EDGE('',*,*,#1440,.T.);
#1954=ORIENTED_EDGE('',*,*,#1443,.T.);
#1955=ORIENTED_EDGE('',*,*,#1446,.T.);
#1956=ORIENTED_EDGE('',*,*,#1449,.T.);
#1957=ORIENTED_EDGE('',*,*,#1452,.T.);
#1958=ORIENTED_EDGE('',*,*,#1455,.T.);
#1959=ORIENTED_EDGE('',*,*,#1458,.T.);
#1960=ORIENTED_EDGE('',*,*,#1461,.T.);
#1961=ORIENTED_EDGE('',*,*,#1464,.T.);
#1962=ORIENTED_EDGE('',*,*,#1467,.T.);
#1963=ORIENTED_EDGE('',*,*,#1470,.T.);
#1964=ORIENTED_EDGE('',*,*,#1473,.T.);
#1965=ORIENTED_EDGE('',*,*,#1476,.T.);
#1966=ORIENTED_EDGE('',*,*,#1479,.T.);
#1967=ORIENTED_EDGE('',*,*,#1482,.T.);
#1968=ORIENTED_EDGE('',*,*,#1485,.T.);
#1969=ORIENTED_EDGE('',*,*,#1488,.T.);
#1970=ORIENTED_EDGE('',*,*,#1491,.T.);
#1971=ORIENTED_EDGE('',*,*,#1494,.T.);
#1972=ORIENTED_EDGE('',*,*,#1497,.T.);
#1973=ORIENTED_EDGE('',*,*,#1500,.T.);
#1974=ORIENTED_EDGE('',*,*,#1503,.T.);
#1975=ORIENTED_EDGE('',*,*,#1506,.T.);
#1976=ORIENTED_EDGE('',*,*,#1509,.T.);
#1977=ORIENTED_EDGE('',*,*,#1512,.T.);
#1978=ORIENTED_EDGE('',*,*,#1515,.T.);
#1979=ORIENTED_EDGE('',*,*,#1518,.T.);
#1980=ORIENTED_EDGE('',*,*,#1521,.T.);
#1981=ORIENTED_EDGE('',*,*,#1525,.T.);
#1982=ORIENTED_EDGE('',*,*,#1522,.T.);
#1983=ORIENTED_EDGE('',*,*,#1519,.T.);
#1984=ORIENTED_EDGE('',*,*,#1516,.T.);
#1985=ORIENTED_EDGE('',*,*,#1513,.T.);
#1986=ORIENTED_EDGE('',*,*,#1510,.T.);
#1987=ORIENTED_EDGE('',*,*,#1507,.T.);
#1988=ORIENTED_EDGE('',*,*,#1504,.T.);
#1989=ORIENTED_EDGE('',*,*,#1501,.T.);
#1990=ORIENTED_EDGE('',*,*,#1498,.T.);
#1991=ORIENTED_EDGE('',*,*,#1495,.T.);
#1992=ORIENTED_EDGE('',*,*,#1492,.T.);
#1993=ORIENTED_EDGE('',*,*,#1489,.T.);
#1994=ORIENTED_EDGE('',*,*,#1486,.T.);
#1995=ORIENTED_EDGE('',*,*,#1483,.T.);
#1996=ORIENTED_EDGE('',*,*,#1480,.T.);
#1997=ORIENTED_EDGE('',*,*,#1477,.T.);
#1998=ORIENTED_EDGE('',*,*,#1474,.T.);
#1999=ORIENTED_EDGE('',*,*,#1471,.T.);
#2000=ORIENTED_EDGE('',*,*,#1468,.T.);
#2001=ORIENTED_EDGE('',*,*,#1465,.T.);
#2002=ORIENTED_EDGE('',*,*,#1462,.T.);
#2003=ORIENTED_EDGE('',*,*,#1459,.T.);
#2004=ORIENTED_EDGE('',*,*,#1456,.T.);
#2005=ORIENTED_EDGE('',*,*,#1453,.T.);
#2006=ORIENTED_EDGE('',*,*,#1450,.T.);
#2007=ORIENTED_EDGE('',*,*,#1447,.T.);
#2008=ORIENTED_EDGE('',*,*,#1444,.T.);
#2009=ORIENTED_EDGE('',*,*,#1441,.T.);
#2010=ORIENTED_EDGE('',*,*,#1438,.T.);
#2011=ORIENTED_EDGE('',*,*,#1435,.T.);
#2012=ORIENTED_EDGE('',*,*,#1432,.T.);
#2013=ORIENTED_EDGE('',*,*,#1526,.F.);
#2014=ORIENTED_EDGE('',*,*,#1527,.T.);
#2015=ORIENTED_EDGE('',*,*,#1528,.F.);
#2016=ORIENTED_EDGE('',*,*,#1529,.F.);
#2017=ORIENTED_EDGE('',*,*,#1530,.F.);
#2018=ORIENTED_EDGE('',*,*,#1529,.T.);
#2019=ORIENTED_EDGE('',*,*,#1531,.F.);
#2020=ORIENTED_EDGE('',*,*,#1532,.F.);
#2021=ORIENTED_EDGE('',*,*,#1533,.F.);
#2022=ORIENTED_EDGE('',*,*,#1532,.T.);
#2023=ORIENTED_EDGE('',*,*,#1534,.F.);
#2024=ORIENTED_EDGE('',*,*,#1535,.F.);
#2025=ORIENTED_EDGE('',*,*,#1536,.F.);
#2026=ORIENTED_EDGE('',*,*,#1535,.T.);
#2027=ORIENTED_EDGE('',*,*,#1537,.F.);
#2028=ORIENTED_EDGE('',*,*,#1527,.F.);
#2029=ORIENTED_EDGE('',*,*,#1536,.T.);
#2030=ORIENTED_EDGE('',*,*,#1526,.T.);
#2031=ORIENTED_EDGE('',*,*,#1530,.T.);
#2032=ORIENTED_EDGE('',*,*,#1533,.T.);
#2033=ORIENTED_EDGE('',*,*,#1537,.T.);
#2034=ORIENTED_EDGE('',*,*,#1534,.T.);
#2035=ORIENTED_EDGE('',*,*,#1531,.T.);
#2036=ORIENTED_EDGE('',*,*,#1528,.T.);
#2037=ORIENTED_EDGE('',*,*,#1538,.F.);
#2038=ORIENTED_EDGE('',*,*,#1539,.T.);
#2039=ORIENTED_EDGE('',*,*,#1540,.F.);
#2040=ORIENTED_EDGE('',*,*,#1541,.F.);
#2041=ORIENTED_EDGE('',*,*,#1542,.F.);
#2042=ORIENTED_EDGE('',*,*,#1541,.T.);
#2043=ORIENTED_EDGE('',*,*,#1543,.F.);
#2044=ORIENTED_EDGE('',*,*,#1544,.F.);
#2045=ORIENTED_EDGE('',*,*,#1545,.F.);
#2046=ORIENTED_EDGE('',*,*,#1544,.T.);
#2047=ORIENTED_EDGE('',*,*,#1546,.F.);
#2048=ORIENTED_EDGE('',*,*,#1547,.F.);
#2049=ORIENTED_EDGE('',*,*,#1548,.F.);
#2050=ORIENTED_EDGE('',*,*,#1547,.T.);
#2051=ORIENTED_EDGE('',*,*,#1549,.F.);
#2052=ORIENTED_EDGE('',*,*,#1539,.F.);
#2053=ORIENTED_EDGE('',*,*,#1548,.T.);
#2054=ORIENTED_EDGE('',*,*,#1538,.T.);
#2055=ORIENTED_EDGE('',*,*,#1542,.T.);
#2056=ORIENTED_EDGE('',*,*,#1545,.T.);
#2057=ORIENTED_EDGE('',*,*,#1549,.T.);
#2058=ORIENTED_EDGE('',*,*,#1546,.T.);
#2059=ORIENTED_EDGE('',*,*,#1543,.T.);
#2060=ORIENTED_EDGE('',*,*,#1540,.T.);
#2061=ORIENTED_EDGE('',*,*,#1550,.F.);
#2062=ORIENTED_EDGE('',*,*,#1551,.T.);
#2063=ORIENTED_EDGE('',*,*,#1552,.F.);
#2064=ORIENTED_EDGE('',*,*,#1553,.F.);
#2065=ORIENTED_EDGE('',*,*,#1554,.F.);
#2066=ORIENTED_EDGE('',*,*,#1553,.T.);
#2067=ORIENTED_EDGE('',*,*,#1555,.F.);
#2068=ORIENTED_EDGE('',*,*,#1556,.F.);
#2069=ORIENTED_EDGE('',*,*,#1557,.F.);
#2070=ORIENTED_EDGE('',*,*,#1556,.T.);
#2071=ORIENTED_EDGE('',*,*,#1558,.F.);
#2072=ORIENTED_EDGE('',*,*,#1559,.F.);
#2073=ORIENTED_EDGE('',*,*,#1560,.F.);
#2074=ORIENTED_EDGE('',*,*,#1559,.T.);
#2075=ORIENTED_EDGE('',*,*,#1561,.F.);
#2076=ORIENTED_EDGE('',*,*,#1551,.F.);
#2077=ORIENTED_EDGE('',*,*,#1560,.T.);
#2078=ORIENTED_EDGE('',*,*,#1550,.T.);
#2079=ORIENTED_EDGE('',*,*,#1554,.T.);
#2080=ORIENTED_EDGE('',*,*,#1557,.T.);
#2081=ORIENTED_EDGE('',*,*,#1561,.T.);
#2082=ORIENTED_EDGE('',*,*,#1558,.T.);
#2083=ORIENTED_EDGE('',*,*,#1555,.T.);
#2084=ORIENTED_EDGE('',*,*,#1552,.T.);
#2085=ORIENTED_EDGE('',*,*,#1562,.F.);
#2086=ORIENTED_EDGE('',*,*,#1563,.T.);
#2087=ORIENTED_EDGE('',*,*,#1564,.F.);
#2088=ORIENTED_EDGE('',*,*,#1565,.F.);
#2089=ORIENTED_EDGE('',*,*,#1566,.F.);
#2090=ORIENTED_EDGE('',*,*,#1565,.T.);
#2091=ORIENTED_EDGE('',*,*,#1567,.F.);
#2092=ORIENTED_EDGE('',*,*,#1568,.F.);
#2093=ORIENTED_EDGE('',*,*,#1569,.F.);
#2094=ORIENTED_EDGE('',*,*,#1568,.T.);
#2095=ORIENTED_EDGE('',*,*,#1570,.F.);
#2096=ORIENTED_EDGE('',*,*,#1571,.F.);
#2097=ORIENTED_EDGE('',*,*,#1572,.F.);
#2098=ORIENTED_EDGE('',*,*,#1571,.T.);
#2099=ORIENTED_EDGE('',*,*,#1573,.F.);
#2100=ORIENTED_EDGE('',*,*,#1563,.F.);
#2101=ORIENTED_EDGE('',*,*,#1572,.T.);
#2102=ORIENTED_EDGE('',*,*,#1562,.T.);
#2103=ORIENTED_EDGE('',*,*,#1566,.T.);
#2104=ORIENTED_EDGE('',*,*,#1569,.T.);
#2105=ORIENTED_EDGE('',*,*,#1573,.T.);
#2106=ORIENTED_EDGE('',*,*,#1570,.T.);
#2107=ORIENTED_EDGE('',*,*,#1567,.T.);
#2108=ORIENTED_EDGE('',*,*,#1564,.T.);
#2109=ORIENTED_EDGE('',*,*,#1574,.F.);
#2110=ORIENTED_EDGE('',*,*,#1575,.F.);
#2111=ORIENTED_EDGE('',*,*,#1575,.T.);
#2112=ORIENTED_EDGE('',*,*,#1574,.T.);
#2113=ORIENTED_EDGE('',*,*,#1576,.T.);
#2114=ORIENTED_EDGE('',*,*,#1577,.T.);
#2115=ORIENTED_EDGE('',*,*,#1578,.F.);
#2116=ORIENTED_EDGE('',*,*,#1579,.F.);
#2117=ORIENTED_EDGE('',*,*,#1580,.T.);
#2118=ORIENTED_EDGE('',*,*,#1579,.T.);
#2119=ORIENTED_EDGE('',*,*,#1581,.F.);
#2120=ORIENTED_EDGE('',*,*,#1582,.F.);
#2121=ORIENTED_EDGE('',*,*,#1583,.T.);
#2122=ORIENTED_EDGE('',*,*,#1582,.T.);
#2123=ORIENTED_EDGE('',*,*,#1584,.F.);
#2124=ORIENTED_EDGE('',*,*,#1585,.F.);
#2125=ORIENTED_EDGE('',*,*,#1586,.T.);
#2126=ORIENTED_EDGE('',*,*,#1585,.T.);
#2127=ORIENTED_EDGE('',*,*,#1587,.F.);
#2128=ORIENTED_EDGE('',*,*,#1588,.F.);
#2129=ORIENTED_EDGE('',*,*,#1589,.T.);
#2130=ORIENTED_EDGE('',*,*,#1588,.T.);
#2131=ORIENTED_EDGE('',*,*,#1590,.F.);
#2132=ORIENTED_EDGE('',*,*,#1591,.F.);
#2133=ORIENTED_EDGE('',*,*,#1592,.T.);
#2134=ORIENTED_EDGE('',*,*,#1591,.T.);
#2135=ORIENTED_EDGE('',*,*,#1593,.F.);
#2136=ORIENTED_EDGE('',*,*,#1594,.F.);
#2137=ORIENTED_EDGE('',*,*,#1595,.T.);
#2138=ORIENTED_EDGE('',*,*,#1594,.T.);
#2139=ORIENTED_EDGE('',*,*,#1596,.F.);
#2140=ORIENTED_EDGE('',*,*,#1597,.F.);
#2141=ORIENTED_EDGE('',*,*,#1598,.T.);
#2142=ORIENTED_EDGE('',*,*,#1597,.T.);
#2143=ORIENTED_EDGE('',*,*,#1599,.F.);
#2144=ORIENTED_EDGE('',*,*,#1600,.F.);
#2145=ORIENTED_EDGE('',*,*,#1601,.T.);
#2146=ORIENTED_EDGE('',*,*,#1600,.T.);
#2147=ORIENTED_EDGE('',*,*,#1602,.F.);
#2148=ORIENTED_EDGE('',*,*,#1603,.F.);
#2149=ORIENTED_EDGE('',*,*,#1604,.T.);
#2150=ORIENTED_EDGE('',*,*,#1603,.T.);
#2151=ORIENTED_EDGE('',*,*,#1605,.F.);
#2152=ORIENTED_EDGE('',*,*,#1606,.F.);
#2153=ORIENTED_EDGE('',*,*,#1607,.T.);
#2154=ORIENTED_EDGE('',*,*,#1606,.T.);
#2155=ORIENTED_EDGE('',*,*,#1608,.F.);
#2156=ORIENTED_EDGE('',*,*,#1609,.F.);
#2157=ORIENTED_EDGE('',*,*,#1610,.T.);
#2158=ORIENTED_EDGE('',*,*,#1609,.T.);
#2159=ORIENTED_EDGE('',*,*,#1611,.F.);
#2160=ORIENTED_EDGE('',*,*,#1577,.F.);
#2161=ORIENTED_EDGE('',*,*,#1611,.T.);
#2162=ORIENTED_EDGE('',*,*,#1608,.T.);
#2163=ORIENTED_EDGE('',*,*,#1605,.T.);
#2164=ORIENTED_EDGE('',*,*,#1602,.T.);
#2165=ORIENTED_EDGE('',*,*,#1599,.T.);
#2166=ORIENTED_EDGE('',*,*,#1596,.T.);
#2167=ORIENTED_EDGE('',*,*,#1593,.T.);
#2168=ORIENTED_EDGE('',*,*,#1590,.T.);
#2169=ORIENTED_EDGE('',*,*,#1587,.T.);
#2170=ORIENTED_EDGE('',*,*,#1584,.T.);
#2171=ORIENTED_EDGE('',*,*,#1581,.T.);
#2172=ORIENTED_EDGE('',*,*,#1578,.T.);
#2173=ORIENTED_EDGE('',*,*,#1610,.F.);
#2174=ORIENTED_EDGE('',*,*,#1576,.F.);
#2175=ORIENTED_EDGE('',*,*,#1580,.F.);
#2176=ORIENTED_EDGE('',*,*,#1583,.F.);
#2177=ORIENTED_EDGE('',*,*,#1586,.F.);
#2178=ORIENTED_EDGE('',*,*,#1589,.F.);
#2179=ORIENTED_EDGE('',*,*,#1592,.F.);
#2180=ORIENTED_EDGE('',*,*,#1595,.F.);
#2181=ORIENTED_EDGE('',*,*,#1598,.F.);
#2182=ORIENTED_EDGE('',*,*,#1601,.F.);
#2183=ORIENTED_EDGE('',*,*,#1604,.F.);
#2184=ORIENTED_EDGE('',*,*,#1607,.F.);
#2185=ORIENTED_EDGE('',*,*,#1612,.T.);
#2186=ORIENTED_EDGE('',*,*,#1613,.T.);
#2187=ORIENTED_EDGE('',*,*,#1614,.F.);
#2188=ORIENTED_EDGE('',*,*,#1615,.F.);
#2189=ORIENTED_EDGE('',*,*,#1616,.T.);
#2190=ORIENTED_EDGE('',*,*,#1615,.T.);
#2191=ORIENTED_EDGE('',*,*,#1617,.F.);
#2192=ORIENTED_EDGE('',*,*,#1618,.F.);
#2193=ORIENTED_EDGE('',*,*,#1619,.T.);
#2194=ORIENTED_EDGE('',*,*,#1618,.T.);
#2195=ORIENTED_EDGE('',*,*,#1620,.F.);
#2196=ORIENTED_EDGE('',*,*,#1613,.F.);
#2197=ORIENTED_EDGE('',*,*,#1620,.T.);
#2198=ORIENTED_EDGE('',*,*,#1617,.T.);
#2199=ORIENTED_EDGE('',*,*,#1614,.T.);
#2200=ORIENTED_EDGE('',*,*,#1619,.F.);
#2201=ORIENTED_EDGE('',*,*,#1612,.F.);
#2202=ORIENTED_EDGE('',*,*,#1616,.F.);
#2203=ORIENTED_EDGE('',*,*,#1621,.T.);
#2204=ORIENTED_EDGE('',*,*,#1622,.T.);
#2205=ORIENTED_EDGE('',*,*,#1623,.F.);
#2206=ORIENTED_EDGE('',*,*,#1624,.F.);
#2207=ORIENTED_EDGE('',*,*,#1625,.T.);
#2208=ORIENTED_EDGE('',*,*,#1624,.T.);
#2209=ORIENTED_EDGE('',*,*,#1626,.F.);
#2210=ORIENTED_EDGE('',*,*,#1627,.F.);
#2211=ORIENTED_EDGE('',*,*,#1628,.T.);
#2212=ORIENTED_EDGE('',*,*,#1627,.T.);
#2213=ORIENTED_EDGE('',*,*,#1629,.F.);
#2214=ORIENTED_EDGE('',*,*,#1630,.F.);
#2215=ORIENTED_EDGE('',*,*,#1631,.T.);
#2216=ORIENTED_EDGE('',*,*,#1630,.T.);
#2217=ORIENTED_EDGE('',*,*,#1632,.F.);
#2218=ORIENTED_EDGE('',*,*,#1633,.F.);
#2219=ORIENTED_EDGE('',*,*,#1634,.T.);
#2220=ORIENTED_EDGE('',*,*,#1633,.T.);
#2221=ORIENTED_EDGE('',*,*,#1635,.F.);
#2222=ORIENTED_EDGE('',*,*,#1636,.F.);
#2223=ORIENTED_EDGE('',*,*,#1637,.T.);
#2224=ORIENTED_EDGE('',*,*,#1636,.T.);
#2225=ORIENTED_EDGE('',*,*,#1638,.F.);
#2226=ORIENTED_EDGE('',*,*,#1622,.F.);
#2227=ORIENTED_EDGE('',*,*,#1638,.T.);
#2228=ORIENTED_EDGE('',*,*,#1635,.T.);
#2229=ORIENTED_EDGE('',*,*,#1632,.T.);
#2230=ORIENTED_EDGE('',*,*,#1629,.T.);
#2231=ORIENTED_EDGE('',*,*,#1626,.T.);
#2232=ORIENTED_EDGE('',*,*,#1623,.T.);
#2233=ORIENTED_EDGE('',*,*,#1637,.F.);
#2234=ORIENTED_EDGE('',*,*,#1621,.F.);
#2235=ORIENTED_EDGE('',*,*,#1625,.F.);
#2236=ORIENTED_EDGE('',*,*,#1628,.F.);
#2237=ORIENTED_EDGE('',*,*,#1631,.F.);
#2238=ORIENTED_EDGE('',*,*,#1634,.F.);
#2239=ORIENTED_EDGE('',*,*,#1639,.T.);
#2240=ORIENTED_EDGE('',*,*,#1640,.T.);
#2241=ORIENTED_EDGE('',*,*,#1641,.F.);
#2242=ORIENTED_EDGE('',*,*,#1642,.F.);
#2243=ORIENTED_EDGE('',*,*,#1643,.T.);
#2244=ORIENTED_EDGE('',*,*,#1642,.T.);
#2245=ORIENTED_EDGE('',*,*,#1644,.F.);
#2246=ORIENTED_EDGE('',*,*,#1645,.F.);
#2247=ORIENTED_EDGE('',*,*,#1646,.T.);
#2248=ORIENTED_EDGE('',*,*,#1645,.T.);
#2249=ORIENTED_EDGE('',*,*,#1647,.F.);
#2250=ORIENTED_EDGE('',*,*,#1640,.F.);
#2251=ORIENTED_EDGE('',*,*,#1647,.T.);
#2252=ORIENTED_EDGE('',*,*,#1644,.T.);
#2253=ORIENTED_EDGE('',*,*,#1641,.T.);
#2254=ORIENTED_EDGE('',*,*,#1646,.F.);
#2255=ORIENTED_EDGE('',*,*,#1639,.F.);
#2256=ORIENTED_EDGE('',*,*,#1643,.F.);
#2257=ORIENTED_EDGE('',*,*,#1648,.T.);
#2258=ORIENTED_EDGE('',*,*,#1649,.T.);
#2259=ORIENTED_EDGE('',*,*,#1650,.F.);
#2260=ORIENTED_EDGE('',*,*,#1651,.F.);
#2261=ORIENTED_EDGE('',*,*,#1652,.T.);
#2262=ORIENTED_EDGE('',*,*,#1651,.T.);
#2263=ORIENTED_EDGE('',*,*,#1653,.F.);
#2264=ORIENTED_EDGE('',*,*,#1654,.F.);
#2265=ORIENTED_EDGE('',*,*,#1655,.T.);
#2266=ORIENTED_EDGE('',*,*,#1654,.T.);
#2267=ORIENTED_EDGE('',*,*,#1656,.F.);
#2268=ORIENTED_EDGE('',*,*,#1657,.F.);
#2269=ORIENTED_EDGE('',*,*,#1658,.T.);
#2270=ORIENTED_EDGE('',*,*,#1657,.T.);
#2271=ORIENTED_EDGE('',*,*,#1659,.F.);
#2272=ORIENTED_EDGE('',*,*,#1660,.F.);
#2273=ORIENTED_EDGE('',*,*,#1661,.T.);
#2274=ORIENTED_EDGE('',*,*,#1660,.T.);
#2275=ORIENTED_EDGE('',*,*,#1662,.F.);
#2276=ORIENTED_EDGE('',*,*,#1663,.F.);
#2277=ORIENTED_EDGE('',*,*,#1664,.T.);
#2278=ORIENTED_EDGE('',*,*,#1663,.T.);
#2279=ORIENTED_EDGE('',*,*,#1665,.F.);
#2280=ORIENTED_EDGE('',*,*,#1649,.F.);
#2281=ORIENTED_EDGE('',*,*,#1665,.T.);
#2282=ORIENTED_EDGE('',*,*,#1662,.T.);
#2283=ORIENTED_EDGE('',*,*,#1659,.T.);
#2284=ORIENTED_EDGE('',*,*,#1656,.T.);
#2285=ORIENTED_EDGE('',*,*,#1653,.T.);
#2286=ORIENTED_EDGE('',*,*,#1650,.T.);
#2287=ORIENTED_EDGE('',*,*,#1664,.F.);
#2288=ORIENTED_EDGE('',*,*,#1648,.F.);
#2289=ORIENTED_EDGE('',*,*,#1652,.F.);
#2290=ORIENTED_EDGE('',*,*,#1655,.F.);
#2291=ORIENTED_EDGE('',*,*,#1658,.F.);
#2292=ORIENTED_EDGE('',*,*,#1661,.F.);
#2293=ORIENTED_EDGE('',*,*,#1666,.F.);
#2294=ORIENTED_EDGE('',*,*,#1667,.T.);
#2295=ORIENTED_EDGE('',*,*,#1668,.F.);
#2296=ORIENTED_EDGE('',*,*,#1669,.F.);
#2297=ORIENTED_EDGE('',*,*,#1670,.F.);
#2298=ORIENTED_EDGE('',*,*,#1671,.T.);
#2299=ORIENTED_EDGE('',*,*,#1672,.F.);
#2300=ORIENTED_EDGE('',*,*,#1667,.F.);
#2301=ORIENTED_EDGE('',*,*,#1673,.F.);
#2302=ORIENTED_EDGE('',*,*,#1674,.T.);
#2303=ORIENTED_EDGE('',*,*,#1675,.F.);
#2304=ORIENTED_EDGE('',*,*,#1671,.F.);
#2305=ORIENTED_EDGE('',*,*,#1676,.F.);
#2306=ORIENTED_EDGE('',*,*,#1677,.T.);
#2307=ORIENTED_EDGE('',*,*,#1678,.F.);
#2308=ORIENTED_EDGE('',*,*,#1674,.F.);
#2309=ORIENTED_EDGE('',*,*,#1679,.F.);
#2310=ORIENTED_EDGE('',*,*,#1680,.T.);
#2311=ORIENTED_EDGE('',*,*,#1681,.F.);
#2312=ORIENTED_EDGE('',*,*,#1677,.F.);
#2313=ORIENTED_EDGE('',*,*,#1682,.F.);
#2314=ORIENTED_EDGE('',*,*,#1669,.T.);
#2315=ORIENTED_EDGE('',*,*,#1683,.F.);
#2316=ORIENTED_EDGE('',*,*,#1680,.F.);
#2317=ORIENTED_EDGE('',*,*,#1684,.T.);
#2318=ORIENTED_EDGE('',*,*,#1685,.T.);
#2319=ORIENTED_EDGE('',*,*,#1686,.F.);
#2320=ORIENTED_EDGE('',*,*,#1687,.F.);
#2321=ORIENTED_EDGE('',*,*,#1688,.T.);
#2322=ORIENTED_EDGE('',*,*,#1687,.T.);
#2323=ORIENTED_EDGE('',*,*,#1689,.F.);
#2324=ORIENTED_EDGE('',*,*,#1690,.F.);
#2325=ORIENTED_EDGE('',*,*,#1691,.T.);
#2326=ORIENTED_EDGE('',*,*,#1690,.T.);
#2327=ORIENTED_EDGE('',*,*,#1692,.F.);
#2328=ORIENTED_EDGE('',*,*,#1693,.F.);
#2329=ORIENTED_EDGE('',*,*,#1694,.T.);
#2330=ORIENTED_EDGE('',*,*,#1693,.T.);
#2331=ORIENTED_EDGE('',*,*,#1695,.F.);
#2332=ORIENTED_EDGE('',*,*,#1696,.F.);
#2333=ORIENTED_EDGE('',*,*,#1697,.T.);
#2334=ORIENTED_EDGE('',*,*,#1696,.T.);
#2335=ORIENTED_EDGE('',*,*,#1698,.F.);
#2336=ORIENTED_EDGE('',*,*,#1699,.F.);
#2337=ORIENTED_EDGE('',*,*,#1700,.T.);
#2338=ORIENTED_EDGE('',*,*,#1699,.T.);
#2339=ORIENTED_EDGE('',*,*,#1701,.F.);
#2340=ORIENTED_EDGE('',*,*,#1702,.F.);
#2341=ORIENTED_EDGE('',*,*,#1703,.T.);
#2342=ORIENTED_EDGE('',*,*,#1702,.T.);
#2343=ORIENTED_EDGE('',*,*,#1704,.F.);
#2344=ORIENTED_EDGE('',*,*,#1705,.F.);
#2345=ORIENTED_EDGE('',*,*,#1706,.T.);
#2346=ORIENTED_EDGE('',*,*,#1705,.T.);
#2347=ORIENTED_EDGE('',*,*,#1707,.F.);
#2348=ORIENTED_EDGE('',*,*,#1708,.F.);
#2349=ORIENTED_EDGE('',*,*,#1709,.T.);
#2350=ORIENTED_EDGE('',*,*,#1708,.T.);
#2351=ORIENTED_EDGE('',*,*,#1710,.F.);
#2352=ORIENTED_EDGE('',*,*,#1711,.F.);
#2353=ORIENTED_EDGE('',*,*,#1712,.T.);
#2354=ORIENTED_EDGE('',*,*,#1711,.T.);
#2355=ORIENTED_EDGE('',*,*,#1713,.F.);
#2356=ORIENTED_EDGE('',*,*,#1714,.F.);
#2357=ORIENTED_EDGE('',*,*,#1715,.T.);
#2358=ORIENTED_EDGE('',*,*,#1714,.T.);
#2359=ORIENTED_EDGE('',*,*,#1716,.F.);
#2360=ORIENTED_EDGE('',*,*,#1717,.F.);
#2361=ORIENTED_EDGE('',*,*,#1718,.T.);
#2362=ORIENTED_EDGE('',*,*,#1717,.T.);
#2363=ORIENTED_EDGE('',*,*,#1719,.F.);
#2364=ORIENTED_EDGE('',*,*,#1720,.F.);
#2365=ORIENTED_EDGE('',*,*,#1721,.T.);
#2366=ORIENTED_EDGE('',*,*,#1720,.T.);
#2367=ORIENTED_EDGE('',*,*,#1722,.F.);
#2368=ORIENTED_EDGE('',*,*,#1723,.F.);
#2369=ORIENTED_EDGE('',*,*,#1724,.T.);
#2370=ORIENTED_EDGE('',*,*,#1723,.T.);
#2371=ORIENTED_EDGE('',*,*,#1725,.F.);
#2372=ORIENTED_EDGE('',*,*,#1726,.F.);
#2373=ORIENTED_EDGE('',*,*,#1727,.T.);
#2374=ORIENTED_EDGE('',*,*,#1726,.T.);
#2375=ORIENTED_EDGE('',*,*,#1728,.F.);
#2376=ORIENTED_EDGE('',*,*,#1729,.F.);
#2377=ORIENTED_EDGE('',*,*,#1730,.T.);
#2378=ORIENTED_EDGE('',*,*,#1729,.T.);
#2379=ORIENTED_EDGE('',*,*,#1731,.F.);
#2380=ORIENTED_EDGE('',*,*,#1732,.F.);
#2381=ORIENTED_EDGE('',*,*,#1733,.T.);
#2382=ORIENTED_EDGE('',*,*,#1732,.T.);
#2383=ORIENTED_EDGE('',*,*,#1734,.F.);
#2384=ORIENTED_EDGE('',*,*,#1735,.F.);
#2385=ORIENTED_EDGE('',*,*,#1736,.T.);
#2386=ORIENTED_EDGE('',*,*,#1735,.T.);
#2387=ORIENTED_EDGE('',*,*,#1737,.F.);
#2388=ORIENTED_EDGE('',*,*,#1738,.F.);
#2389=ORIENTED_EDGE('',*,*,#1739,.T.);
#2390=ORIENTED_EDGE('',*,*,#1738,.T.);
#2391=ORIENTED_EDGE('',*,*,#1740,.F.);
#2392=ORIENTED_EDGE('',*,*,#1741,.F.);
#2393=ORIENTED_EDGE('',*,*,#1742,.T.);
#2394=ORIENTED_EDGE('',*,*,#1741,.T.);
#2395=ORIENTED_EDGE('',*,*,#1743,.F.);
#2396=ORIENTED_EDGE('',*,*,#1744,.F.);
#2397=ORIENTED_EDGE('',*,*,#1745,.T.);
#2398=ORIENTED_EDGE('',*,*,#1744,.T.);
#2399=ORIENTED_EDGE('',*,*,#1746,.F.);
#2400=ORIENTED_EDGE('',*,*,#1747,.F.);
#2401=ORIENTED_EDGE('',*,*,#1748,.T.);
#2402=ORIENTED_EDGE('',*,*,#1747,.T.);
#2403=ORIENTED_EDGE('',*,*,#1749,.F.);
#2404=ORIENTED_EDGE('',*,*,#1750,.F.);
#2405=ORIENTED_EDGE('',*,*,#1751,.T.);
#2406=ORIENTED_EDGE('',*,*,#1750,.T.);
#2407=ORIENTED_EDGE('',*,*,#1752,.F.);
#2408=ORIENTED_EDGE('',*,*,#1685,.F.);
#2409=ORIENTED_EDGE('',*,*,#1752,.T.);
#2410=ORIENTED_EDGE('',*,*,#1749,.T.);
#2411=ORIENTED_EDGE('',*,*,#1746,.T.);
#2412=ORIENTED_EDGE('',*,*,#1743,.T.);
#2413=ORIENTED_EDGE('',*,*,#1740,.T.);
#2414=ORIENTED_EDGE('',*,*,#1737,.T.);
#2415=ORIENTED_EDGE('',*,*,#1734,.T.);
#2416=ORIENTED_EDGE('',*,*,#1731,.T.);
#2417=ORIENTED_EDGE('',*,*,#1728,.T.);
#2418=ORIENTED_EDGE('',*,*,#1725,.T.);
#2419=ORIENTED_EDGE('',*,*,#1722,.T.);
#2420=ORIENTED_EDGE('',*,*,#1719,.T.);
#2421=ORIENTED_EDGE('',*,*,#1716,.T.);
#2422=ORIENTED_EDGE('',*,*,#1713,.T.);
#2423=ORIENTED_EDGE('',*,*,#1710,.T.);
#2424=ORIENTED_EDGE('',*,*,#1707,.T.);
#2425=ORIENTED_EDGE('',*,*,#1704,.T.);
#2426=ORIENTED_EDGE('',*,*,#1701,.T.);
#2427=ORIENTED_EDGE('',*,*,#1698,.T.);
#2428=ORIENTED_EDGE('',*,*,#1695,.T.);
#2429=ORIENTED_EDGE('',*,*,#1692,.T.);
#2430=ORIENTED_EDGE('',*,*,#1689,.T.);
#2431=ORIENTED_EDGE('',*,*,#1686,.T.);
#2432=ORIENTED_EDGE('',*,*,#1668,.T.);
#2433=ORIENTED_EDGE('',*,*,#1672,.T.);
#2434=ORIENTED_EDGE('',*,*,#1675,.T.);
#2435=ORIENTED_EDGE('',*,*,#1678,.T.);
#2436=ORIENTED_EDGE('',*,*,#1681,.T.);
#2437=ORIENTED_EDGE('',*,*,#1683,.T.);
#2438=ORIENTED_EDGE('',*,*,#1751,.F.);
#2439=ORIENTED_EDGE('',*,*,#1684,.F.);
#2440=ORIENTED_EDGE('',*,*,#1688,.F.);
#2441=ORIENTED_EDGE('',*,*,#1691,.F.);
#2442=ORIENTED_EDGE('',*,*,#1694,.F.);
#2443=ORIENTED_EDGE('',*,*,#1697,.F.);
#2444=ORIENTED_EDGE('',*,*,#1700,.F.);
#2445=ORIENTED_EDGE('',*,*,#1703,.F.);
#2446=ORIENTED_EDGE('',*,*,#1706,.F.);
#2447=ORIENTED_EDGE('',*,*,#1709,.F.);
#2448=ORIENTED_EDGE('',*,*,#1712,.F.);
#2449=ORIENTED_EDGE('',*,*,#1715,.F.);
#2450=ORIENTED_EDGE('',*,*,#1718,.F.);
#2451=ORIENTED_EDGE('',*,*,#1721,.F.);
#2452=ORIENTED_EDGE('',*,*,#1724,.F.);
#2453=ORIENTED_EDGE('',*,*,#1727,.F.);
#2454=ORIENTED_EDGE('',*,*,#1730,.F.);
#2455=ORIENTED_EDGE('',*,*,#1733,.F.);
#2456=ORIENTED_EDGE('',*,*,#1736,.F.);
#2457=ORIENTED_EDGE('',*,*,#1739,.F.);
#2458=ORIENTED_EDGE('',*,*,#1742,.F.);
#2459=ORIENTED_EDGE('',*,*,#1745,.F.);
#2460=ORIENTED_EDGE('',*,*,#1748,.F.);
#2461=ORIENTED_EDGE('',*,*,#1666,.T.);
#2462=ORIENTED_EDGE('',*,*,#1682,.T.);
#2463=ORIENTED_EDGE('',*,*,#1679,.T.);
#2464=ORIENTED_EDGE('',*,*,#1676,.T.);
#2465=ORIENTED_EDGE('',*,*,#1673,.T.);
#2466=ORIENTED_EDGE('',*,*,#1670,.T.);
#2467=CYLINDRICAL_SURFACE('',#2654,0.1);
#2468=CYLINDRICAL_SURFACE('',#2657,0.1);
#2469=CYLINDRICAL_SURFACE('',#2659,0.1);
#2470=CYLINDRICAL_SURFACE('',#2661,0.1);
#2471=CYLINDRICAL_SURFACE('',#2666,0.129811285569676);
#2472=CYLINDRICAL_SURFACE('',#2736,0.129811285569676);
#2473=CYLINDRICAL_SURFACE('',#2756,0.360500000000001);
#2474=CYLINDRICAL_SURFACE('',#2765,0.3605);
#2475=CYLINDRICAL_SURFACE('',#2772,0.360499999999999);
#2476=CYLINDRICAL_SURFACE('',#2779,0.3605);
#2477=CYLINDRICAL_SURFACE('',#2790,0.170057974112711);
#2478=CYLINDRICAL_SURFACE('',#2793,0.0688560646275128);
#2479=CYLINDRICAL_SURFACE('',#2796,0.180309688932675);
#2480=CYLINDRICAL_SURFACE('',#2809,0.236485645440708);
#2481=CYLINDRICAL_SURFACE('',#2812,0.197182567242748);
#2482=CYLINDRICAL_SURFACE('',#2815,0.186527061320855);
#2483=CYLINDRICAL_SURFACE('',#2818,0.189765896786857);
#2484=CYLINDRICAL_SURFACE('',#2821,0.197938476133904);
#2485=CYLINDRICAL_SURFACE('',#2824,1.2623151333838);
#2486=CYLINDRICAL_SURFACE('',#2830,1.32612298542494);
#2487=CYLINDRICAL_SURFACE('',#2833,0.281588608616981);
#2488=CYLINDRICAL_SURFACE('',#2836,0.135143828300618);
#2489=ADVANCED_FACE('',(#215),#2467,.T.);
#2490=ADVANCED_FACE('',(#216),#2468,.T.);
#2491=ADVANCED_FACE('',(#217),#2469,.T.);
#2492=ADVANCED_FACE('',(#218),#2470,.T.);
#2493=ADVANCED_FACE('',(#219),#87,.T.);
#2494=ADVANCED_FACE('',(#220),#88,.T.);
#2495=ADVANCED_FACE('',(#221,#46),#89,.T.);
#2496=ADVANCED_FACE('',(#222,#47),#2471,.F.);
#2497=ADVANCED_FACE('',(#223),#90,.T.);
#2498=ADVANCED_FACE('',(#224),#91,.T.);
#2499=ADVANCED_FACE('',(#225),#92,.T.);
#2500=ADVANCED_FACE('',(#226),#93,.F.);
#2501=ADVANCED_FACE('',(#227),#94,.T.);
#2502=ADVANCED_FACE('',(#228),#95,.T.);
#2503=ADVANCED_FACE('',(#229),#96,.T.);
#2504=ADVANCED_FACE('',(#230),#97,.T.);
#2505=ADVANCED_FACE('',(#231),#98,.F.);
#2506=ADVANCED_FACE('',(#232),#99,.T.);
#2507=ADVANCED_FACE('',(#233),#100,.T.);
#2508=ADVANCED_FACE('',(#234),#101,.T.);
#2509=ADVANCED_FACE('',(#235),#102,.T.);
#2510=ADVANCED_FACE('',(#236),#103,.T.);
#2511=ADVANCED_FACE('',(#237),#104,.T.);
#2512=ADVANCED_FACE('',(#238),#105,.T.);
#2513=ADVANCED_FACE('',(#239),#106,.T.);
#2514=ADVANCED_FACE('',(#240),#107,.T.);
#2515=ADVANCED_FACE('',(#241),#108,.T.);
#2516=ADVANCED_FACE('',(#242),#109,.T.);
#2517=ADVANCED_FACE('',(#243),#110,.T.);
#2518=ADVANCED_FACE('',(#244),#111,.T.);
#2519=ADVANCED_FACE('',(#245),#112,.T.);
#2520=ADVANCED_FACE('',(#246),#113,.T.);
#2521=ADVANCED_FACE('',(#247),#114,.T.);
#2522=ADVANCED_FACE('',(#248),#115,.T.);
#2523=ADVANCED_FACE('',(#249),#116,.T.);
#2524=ADVANCED_FACE('',(#250),#117,.T.);
#2525=ADVANCED_FACE('',(#251),#118,.T.);
#2526=ADVANCED_FACE('',(#252),#119,.T.);
#2527=ADVANCED_FACE('',(#253),#120,.T.);
#2528=ADVANCED_FACE('',(#254),#121,.T.);
#2529=ADVANCED_FACE('',(#255),#122,.T.);
#2530=ADVANCED_FACE('',(#256),#123,.T.);
#2531=ADVANCED_FACE('',(#257),#124,.T.);
#2532=ADVANCED_FACE('',(#258),#125,.T.);
#2533=ADVANCED_FACE('',(#259),#126,.T.);
#2534=ADVANCED_FACE('',(#260),#127,.T.);
#2535=ADVANCED_FACE('',(#261),#128,.T.);
#2536=ADVANCED_FACE('',(#262),#129,.T.);
#2537=ADVANCED_FACE('',(#263),#130,.T.);
#2538=ADVANCED_FACE('',(#264),#131,.T.);
#2539=ADVANCED_FACE('',(#265),#132,.T.);
#2540=ADVANCED_FACE('',(#266),#133,.T.);
#2541=ADVANCED_FACE('',(#267),#134,.T.);
#2542=ADVANCED_FACE('',(#268),#135,.T.);
#2543=ADVANCED_FACE('',(#269),#136,.T.);
#2544=ADVANCED_FACE('',(#270),#137,.T.);
#2545=ADVANCED_FACE('',(#271),#138,.T.);
#2546=ADVANCED_FACE('',(#272),#139,.T.);
#2547=ADVANCED_FACE('',(#273),#140,.T.);
#2548=ADVANCED_FACE('',(#274),#141,.T.);
#2549=ADVANCED_FACE('',(#275),#142,.T.);
#2550=ADVANCED_FACE('',(#276),#143,.T.);
#2551=ADVANCED_FACE('',(#277),#144,.T.);
#2552=ADVANCED_FACE('',(#278),#145,.T.);
#2553=ADVANCED_FACE('',(#279),#146,.T.);
#2554=ADVANCED_FACE('',(#280),#147,.T.);
#2555=ADVANCED_FACE('',(#281),#148,.T.);
#2556=ADVANCED_FACE('',(#282),#149,.T.);
#2557=ADVANCED_FACE('',(#283),#150,.T.);
#2558=ADVANCED_FACE('',(#284),#151,.T.);
#2559=ADVANCED_FACE('',(#285),#152,.T.);
#2560=ADVANCED_FACE('',(#286),#153,.T.);
#2561=ADVANCED_FACE('',(#287),#154,.T.);
#2562=ADVANCED_FACE('',(#288),#155,.T.);
#2563=ADVANCED_FACE('',(#289),#156,.T.);
#2564=ADVANCED_FACE('',(#290),#157,.T.);
#2565=ADVANCED_FACE('',(#291,#48),#2472,.T.);
#2566=ADVANCED_FACE('',(#292),#158,.T.);
#2567=ADVANCED_FACE('',(#293),#159,.F.);
#2568=ADVANCED_FACE('',(#294),#160,.T.);
#2569=ADVANCED_FACE('',(#295),#161,.T.);
#2570=ADVANCED_FACE('',(#296),#162,.T.);
#2571=ADVANCED_FACE('',(#297),#163,.T.);
#2572=ADVANCED_FACE('',(#298),#164,.T.);
#2573=ADVANCED_FACE('',(#299),#165,.T.);
#2574=ADVANCED_FACE('',(#300),#166,.T.);
#2575=ADVANCED_FACE('',(#301),#167,.T.);
#2576=ADVANCED_FACE('',(#302),#168,.T.);
#2577=ADVANCED_FACE('',(#303),#169,.T.);
#2578=ADVANCED_FACE('',(#304),#170,.T.);
#2579=ADVANCED_FACE('',(#305),#171,.T.);
#2580=ADVANCED_FACE('',(#306),#172,.T.);
#2581=ADVANCED_FACE('',(#307),#173,.F.);
#2582=ADVANCED_FACE('',(#308),#174,.T.);
#2583=ADVANCED_FACE('',(#309),#2473,.T.);
#2584=ADVANCED_FACE('',(#310),#175,.T.);
#2585=ADVANCED_FACE('',(#311),#176,.T.);
#2586=ADVANCED_FACE('',(#312),#177,.F.);
#2587=ADVANCED_FACE('',(#313),#178,.T.);
#2588=ADVANCED_FACE('',(#314),#179,.T.);
#2589=ADVANCED_FACE('',(#315),#180,.T.);
#2590=ADVANCED_FACE('',(#316),#2474,.T.);
#2591=ADVANCED_FACE('',(#317),#181,.T.);
#2592=ADVANCED_FACE('',(#318),#182,.T.);
#2593=ADVANCED_FACE('',(#319),#183,.T.);
#2594=ADVANCED_FACE('',(#320),#184,.F.);
#2595=ADVANCED_FACE('',(#321),#2475,.T.);
#2596=ADVANCED_FACE('',(#322),#185,.T.);
#2597=ADVANCED_FACE('',(#323),#186,.T.);
#2598=ADVANCED_FACE('',(#324),#187,.T.);
#2599=ADVANCED_FACE('',(#325),#188,.F.);
#2600=ADVANCED_FACE('',(#326),#2476,.T.);
#2601=ADVANCED_FACE('',(#327),#189,.T.);
#2602=ADVANCED_FACE('',(#328),#190,.T.);
#2603=ADVANCED_FACE('',(#329),#191,.T.);
#2604=ADVANCED_FACE('',(#330),#192,.T.);
#2605=ADVANCED_FACE('',(#331),#193,.T.);
#2606=ADVANCED_FACE('',(#332),#194,.T.);
#2607=ADVANCED_FACE('',(#333),#195,.F.);
#2608=ADVANCED_FACE('',(#334),#196,.F.);
#2609=ADVANCED_FACE('',(#335),#2477,.F.);
#2610=ADVANCED_FACE('',(#336),#2478,.F.);
#2611=ADVANCED_FACE('',(#337),#2479,.F.);
#2612=ADVANCED_FACE('',(#338),#197,.F.);
#2613=ADVANCED_FACE('',(#339),#198,.F.);
#2614=ADVANCED_FACE('',(#340),#199,.T.);
#2615=ADVANCED_FACE('',(#341),#200,.T.);
#2616=ADVANCED_FACE('',(#342),#201,.T.);
#2617=ADVANCED_FACE('',(#343),#202,.T.);
#2618=ADVANCED_FACE('',(#344),#203,.T.);
#2619=ADVANCED_FACE('',(#345),#204,.T.);
#2620=ADVANCED_FACE('',(#346),#205,.T.);
#2621=ADVANCED_FACE('',(#347),#206,.T.);
#2622=ADVANCED_FACE('',(#348),#2480,.T.);
#2623=ADVANCED_FACE('',(#349),#2481,.T.);
#2624=ADVANCED_FACE('',(#350),#2482,.T.);
#2625=ADVANCED_FACE('',(#351),#2483,.T.);
#2626=ADVANCED_FACE('',(#352),#2484,.T.);
#2627=ADVANCED_FACE('',(#353),#2485,.T.);
#2628=ADVANCED_FACE('',(#354),#207,.T.);
#2629=ADVANCED_FACE('',(#355),#208,.T.);
#2630=ADVANCED_FACE('',(#356),#209,.T.);
#2631=ADVANCED_FACE('',(#357),#2486,.F.);
#2632=ADVANCED_FACE('',(#358),#2487,.F.);
#2633=ADVANCED_FACE('',(#359),#2488,.F.);
#2634=ADVANCED_FACE('',(#360),#210,.T.);
#2635=ADVANCED_FACE('',(#361),#211,.T.);
#2636=ADVANCED_FACE('',(#362),#212,.T.);
#2637=ADVANCED_FACE('',(#363,#49),#213,.T.);
#2638=ADVANCED_FACE('',(#364,#50),#214,.F.);
#2639=CLOSED_SHELL('',(#2489,#2490,#2491,#2492,#2493,#2494,#2495,#2496,
#2497,#2498,#2499,#2500));
#2640=CLOSED_SHELL('',(#2501,#2502,#2503,#2504,#2505,#2506));
#2641=CLOSED_SHELL('',(#2507,#2508,#2509,#2510,#2511,#2512,#2513,#2514,
#2515,#2516,#2517,#2518,#2519,#2520,#2521,#2522,#2523,#2524,#2525,#2526,
#2527,#2528,#2529,#2530,#2531,#2532,#2533,#2534,#2535,#2536,#2537,#2538,
#2539,#2540));
#2642=CLOSED_SHELL('',(#2541,#2542,#2543,#2544,#2545,#2546));
#2643=CLOSED_SHELL('',(#2547,#2548,#2549,#2550,#2551,#2552));
#2644=CLOSED_SHELL('',(#2553,#2554,#2555,#2556,#2557,#2558));
#2645=CLOSED_SHELL('',(#2559,#2560,#2561,#2562,#2563,#2564));
#2646=CLOSED_SHELL('',(#2565,#2566,#2567));
#2647=CLOSED_SHELL('',(#2568,#2569,#2570,#2571,#2572,#2573,#2574,#2575,
#2576,#2577,#2578,#2579,#2580,#2581));
#2648=CLOSED_SHELL('',(#2582,#2583,#2584,#2585,#2586));
#2649=CLOSED_SHELL('',(#2587,#2588,#2589,#2590,#2591,#2592,#2593,#2594));
#2650=CLOSED_SHELL('',(#2595,#2596,#2597,#2598,#2599));
#2651=CLOSED_SHELL('',(#2600,#2601,#2602,#2603,#2604,#2605,#2606,#2607));
#2652=CLOSED_SHELL('',(#2608,#2609,#2610,#2611,#2612,#2613,#2614,#2615,
#2616,#2617,#2618,#2619,#2620,#2621,#2622,#2623,#2624,#2625,#2626,#2627,
#2628,#2629,#2630,#2631,#2632,#2633,#2634,#2635,#2636,#2637,#2638));
#2653=AXIS2_PLACEMENT_3D('placement',#3543,#2844,#2845);
#2654=AXIS2_PLACEMENT_3D('',#3544,#2846,#2847);
#2655=AXIS2_PLACEMENT_3D('',#3549,#2849,#2850);
#2656=AXIS2_PLACEMENT_3D('',#3552,#2852,#2853);
#2657=AXIS2_PLACEMENT_3D('',#3553,#2854,#2855);
#2658=AXIS2_PLACEMENT_3D('',#3558,#2858,#2859);
#2659=AXIS2_PLACEMENT_3D('',#3559,#2860,#2861);
#2660=AXIS2_PLACEMENT_3D('',#3564,#2864,#2865);
#2661=AXIS2_PLACEMENT_3D('',#3565,#2866,#2867);
#2662=AXIS2_PLACEMENT_3D('',#3568,#2870,#2871);
#2663=AXIS2_PLACEMENT_3D('',#3574,#2875,#2876);
#2664=AXIS2_PLACEMENT_3D('',#3578,#2879,#2880);
#2665=AXIS2_PLACEMENT_3D('',#3580,#2881,#2882);
#2666=AXIS2_PLACEMENT_3D('',#3581,#2883,#2884);
#2667=AXIS2_PLACEMENT_3D('',#3583,#2885,#2886);
#2668=AXIS2_PLACEMENT_3D('',#3584,#2887,#2888);
#2669=AXIS2_PLACEMENT_3D('',#3585,#2889,#2890);
#2670=AXIS2_PLACEMENT_3D('',#3589,#2893,#2894);
#2671=AXIS2_PLACEMENT_3D('',#3591,#2896,#2897);
#2672=AXIS2_PLACEMENT_3D('',#3592,#2898,#2899);
#2673=AXIS2_PLACEMENT_3D('',#3601,#2904,#2905);
#2674=AXIS2_PLACEMENT_3D('',#3607,#2909,#2910);
#2675=AXIS2_PLACEMENT_3D('',#3613,#2914,#2915);
#2676=AXIS2_PLACEMENT_3D('',#3616,#2918,#2919);
#2677=AXIS2_PLACEMENT_3D('',#3617,#2920,#2921);
#2678=AXIS2_PLACEMENT_3D('',#3618,#2922,#2923);
#2679=AXIS2_PLACEMENT_3D('',#3627,#2928,#2929);
#2680=AXIS2_PLACEMENT_3D('',#3633,#2933,#2934);
#2681=AXIS2_PLACEMENT_3D('',#3639,#2938,#2939);
#2682=AXIS2_PLACEMENT_3D('',#3645,#2943,#2944);
#2683=AXIS2_PLACEMENT_3D('',#3651,#2948,#2949);
#2684=AXIS2_PLACEMENT_3D('',#3657,#2953,#2954);
#2685=AXIS2_PLACEMENT_3D('',#3663,#2958,#2959);
#2686=AXIS2_PLACEMENT_3D('',#3669,#2963,#2964);
#2687=AXIS2_PLACEMENT_3D('',#3675,#2968,#2969);
#2688=AXIS2_PLACEMENT_3D('',#3681,#2973,#2974);
#2689=AXIS2_PLACEMENT_3D('',#3687,#2978,#2979);
#2690=AXIS2_PLACEMENT_3D('',#3693,#2983,#2984);
#2691=AXIS2_PLACEMENT_3D('',#3699,#2988,#2989);
#2692=AXIS2_PLACEMENT_3D('',#3705,#2993,#2994);
#2693=AXIS2_PLACEMENT_3D('',#3711,#2998,#2999);
#2694=AXIS2_PLACEMENT_3D('',#3717,#3003,#3004);
#2695=AXIS2_PLACEMENT_3D('',#3723,#3008,#3009);
#2696=AXIS2_PLACEMENT_3D('',#3729,#3013,#3014);
#2697=AXIS2_PLACEMENT_3D('',#3735,#3018,#3019);
#2698=AXIS2_PLACEMENT_3D('',#3741,#3023,#3024);
#2699=AXIS2_PLACEMENT_3D('',#3747,#3028,#3029);
#2700=AXIS2_PLACEMENT_3D('',#3753,#3033,#3034);
#2701=AXIS2_PLACEMENT_3D('',#3759,#3038,#3039);
#2702=AXIS2_PLACEMENT_3D('',#3765,#3043,#3044);
#2703=AXIS2_PLACEMENT_3D('',#3771,#3048,#3049);
#2704=AXIS2_PLACEMENT_3D('',#3777,#3053,#3054);
#2705=AXIS2_PLACEMENT_3D('',#3783,#3058,#3059);
#2706=AXIS2_PLACEMENT_3D('',#3789,#3063,#3064);
#2707=AXIS2_PLACEMENT_3D('',#3795,#3068,#3069);
#2708=AXIS2_PLACEMENT_3D('',#3801,#3073,#3074);
#2709=AXIS2_PLACEMENT_3D('',#3807,#3078,#3079);
#2710=AXIS2_PLACEMENT_3D('',#3810,#3082,#3083);
#2711=AXIS2_PLACEMENT_3D('',#3811,#3084,#3085);
#2712=AXIS2_PLACEMENT_3D('',#3812,#3086,#3087);
#2713=AXIS2_PLACEMENT_3D('',#3821,#3092,#3093);
#2714=AXIS2_PLACEMENT_3D('',#3827,#3097,#3098);
#2715=AXIS2_PLACEMENT_3D('',#3833,#3102,#3103);
#2716=AXIS2_PLACEMENT_3D('',#3836,#3106,#3107);
#2717=AXIS2_PLACEMENT_3D('',#3837,#3108,#3109);
#2718=AXIS2_PLACEMENT_3D('',#3838,#3110,#3111);
#2719=AXIS2_PLACEMENT_3D('',#3847,#3116,#3117);
#2720=AXIS2_PLACEMENT_3D('',#3853,#3121,#3122);
#2721=AXIS2_PLACEMENT_3D('',#3859,#3126,#3127);
#2722=AXIS2_PLACEMENT_3D('',#3862,#3130,#3131);
#2723=AXIS2_PLACEMENT_3D('',#3863,#3132,#3133);
#2724=AXIS2_PLACEMENT_3D('',#3864,#3134,#3135);
#2725=AXIS2_PLACEMENT_3D('',#3873,#3140,#3141);
#2726=AXIS2_PLACEMENT_3D('',#3879,#3145,#3146);
#2727=AXIS2_PLACEMENT_3D('',#3885,#3150,#3151);
#2728=AXIS2_PLACEMENT_3D('',#3888,#3154,#3155);
#2729=AXIS2_PLACEMENT_3D('',#3889,#3156,#3157);
#2730=AXIS2_PLACEMENT_3D('',#3890,#3158,#3159);
#2731=AXIS2_PLACEMENT_3D('',#3899,#3164,#3165);
#2732=AXIS2_PLACEMENT_3D('',#3905,#3169,#3170);
#2733=AXIS2_PLACEMENT_3D('',#3911,#3174,#3175);
#2734=AXIS2_PLACEMENT_3D('',#3914,#3178,#3179);
#2735=AXIS2_PLACEMENT_3D('',#3915,#3180,#3181);
#2736=AXIS2_PLACEMENT_3D('',#3916,#3182,#3183);
#2737=AXIS2_PLACEMENT_3D('',#3918,#3184,#3185);
#2738=AXIS2_PLACEMENT_3D('',#3920,#3186,#3187);
#2739=AXIS2_PLACEMENT_3D('',#3921,#3188,#3189);
#2740=AXIS2_PLACEMENT_3D('',#3922,#3190,#3191);
#2741=AXIS2_PLACEMENT_3D('',#3923,#3192,#3193);
#2742=AXIS2_PLACEMENT_3D('',#3932,#3198,#3199);
#2743=AXIS2_PLACEMENT_3D('',#3938,#3203,#3204);
#2744=AXIS2_PLACEMENT_3D('',#3944,#3208,#3209);
#2745=AXIS2_PLACEMENT_3D('',#3950,#3213,#3214);
#2746=AXIS2_PLACEMENT_3D('',#3956,#3218,#3219);
#2747=AXIS2_PLACEMENT_3D('',#3962,#3223,#3224);
#2748=AXIS2_PLACEMENT_3D('',#3968,#3228,#3229);
#2749=AXIS2_PLACEMENT_3D('',#3974,#3233,#3234);
#2750=AXIS2_PLACEMENT_3D('',#3980,#3238,#3239);
#2751=AXIS2_PLACEMENT_3D('',#3986,#3243,#3244);
#2752=AXIS2_PLACEMENT_3D('',#3992,#3248,#3249);
#2753=AXIS2_PLACEMENT_3D('',#3995,#3252,#3253);
#2754=AXIS2_PLACEMENT_3D('',#3996,#3254,#3255);
#2755=AXIS2_PLACEMENT_3D('',#3997,#3256,#3257);
#2756=AXIS2_PLACEMENT_3D('',#4006,#3262,#3263);
#2757=AXIS2_PLACEMENT_3D('',#4008,#3264,#3265);
#2758=AXIS2_PLACEMENT_3D('',#4010,#3266,#3267);
#2759=AXIS2_PLACEMENT_3D('',#4012,#3269,#3270);
#2760=AXIS2_PLACEMENT_3D('',#4015,#3273,#3274);
#2761=AXIS2_PLACEMENT_3D('',#4016,#3275,#3276);
#2762=AXIS2_PLACEMENT_3D('',#4017,#3277,#3278);
#2763=AXIS2_PLACEMENT_3D('',#4026,#3283,#3284);
#2764=AXIS2_PLACEMENT_3D('',#4032,#3288,#3289);
#2765=AXIS2_PLACEMENT_3D('',#4038,#3293,#3294);
#2766=AXIS2_PLACEMENT_3D('',#4040,#3295,#3296);
#2767=AXIS2_PLACEMENT_3D('',#4042,#3297,#3298);
#2768=AXIS2_PLACEMENT_3D('',#4044,#3300,#3301);
#2769=AXIS2_PLACEMENT_3D('',#4050,#3305,#3306);
#2770=AXIS2_PLACEMENT_3D('',#4053,#3309,#3310);
#2771=AXIS2_PLACEMENT_3D('',#4054,#3311,#3312);
#2772=AXIS2_PLACEMENT_3D('',#4055,#3313,#3314);
#2773=AXIS2_PLACEMENT_3D('',#4058,#3315,#3316);
#2774=AXIS2_PLACEMENT_3D('',#4062,#3318,#3319);
#2775=AXIS2_PLACEMENT_3D('',#4064,#3321,#3322);
#2776=AXIS2_PLACEMENT_3D('',#4070,#3326,#3327);
#2777=AXIS2_PLACEMENT_3D('',#4073,#3330,#3331);
#2778=AXIS2_PLACEMENT_3D('',#4074,#3332,#3333);
#2779=AXIS2_PLACEMENT_3D('',#4075,#3334,#3335);
#2780=AXIS2_PLACEMENT_3D('',#4078,#3336,#3337);
#2781=AXIS2_PLACEMENT_3D('',#4082,#3339,#3340);
#2782=AXIS2_PLACEMENT_3D('',#4084,#3342,#3343);
#2783=AXIS2_PLACEMENT_3D('',#4090,#3347,#3348);
#2784=AXIS2_PLACEMENT_3D('',#4096,#3352,#3353);
#2785=AXIS2_PLACEMENT_3D('',#4102,#3357,#3358);
#2786=AXIS2_PLACEMENT_3D('',#4108,#3362,#3363);
#2787=AXIS2_PLACEMENT_3D('',#4111,#3366,#3367);
#2788=AXIS2_PLACEMENT_3D('',#4112,#3368,#3369);
#2789=AXIS2_PLACEMENT_3D('',#4113,#3370,#3371);
#2790=AXIS2_PLACEMENT_3D('',#4122,#3376,#3377);
#2791=AXIS2_PLACEMENT_3D('',#4124,#3378,#3379);
#2792=AXIS2_PLACEMENT_3D('',#4127,#3381,#3382);
#2793=AXIS2_PLACEMENT_3D('',#4128,#3383,#3384);
#2794=AXIS2_PLACEMENT_3D('',#4130,#3385,#3386);
#2795=AXIS2_PLACEMENT_3D('',#4133,#3388,#3389);
#2796=AXIS2_PLACEMENT_3D('',#4134,#3390,#3391);
#2797=AXIS2_PLACEMENT_3D('',#4136,#3392,#3393);
#2798=AXIS2_PLACEMENT_3D('',#4139,#3395,#3396);
#2799=AXIS2_PLACEMENT_3D('',#4140,#3397,#3398);
#2800=AXIS2_PLACEMENT_3D('',#4146,#3402,#3403);
#2801=AXIS2_PLACEMENT_3D('',#4149,#3406,#3407);
#2802=AXIS2_PLACEMENT_3D('',#4158,#3412,#3413);
#2803=AXIS2_PLACEMENT_3D('',#4164,#3417,#3418);
#2804=AXIS2_PLACEMENT_3D('',#4170,#3422,#3423);
#2805=AXIS2_PLACEMENT_3D('',#4176,#3427,#3428);
#2806=AXIS2_PLACEMENT_3D('',#4182,#3432,#3433);
#2807=AXIS2_PLACEMENT_3D('',#4188,#3437,#3438);
#2808=AXIS2_PLACEMENT_3D('',#4194,#3442,#3443);
#2809=AXIS2_PLACEMENT_3D('',#4200,#3447,#3448);
#2810=AXIS2_PLACEMENT_3D('',#4202,#3449,#3450);
#2811=AXIS2_PLACEMENT_3D('',#4204,#3451,#3452);
#2812=AXIS2_PLACEMENT_3D('',#4206,#3454,#3455);
#2813=AXIS2_PLACEMENT_3D('',#4208,#3456,#3457);
#2814=AXIS2_PLACEMENT_3D('',#4210,#3458,#3459);
#2815=AXIS2_PLACEMENT_3D('',#4212,#3461,#3462);
#2816=AXIS2_PLACEMENT_3D('',#4214,#3463,#3464);
#2817=AXIS2_PLACEMENT_3D('',#4216,#3465,#3466);
#2818=AXIS2_PLACEMENT_3D('',#4218,#3468,#3469);
#2819=AXIS2_PLACEMENT_3D('',#4220,#3470,#3471);
#2820=AXIS2_PLACEMENT_3D('',#4222,#3472,#3473);
#2821=AXIS2_PLACEMENT_3D('',#4224,#3475,#3476);
#2822=AXIS2_PLACEMENT_3D('',#4226,#3477,#3478);
#2823=AXIS2_PLACEMENT_3D('',#4228,#3479,#3480);
#2824=AXIS2_PLACEMENT_3D('',#4230,#3482,#3483);
#2825=AXIS2_PLACEMENT_3D('',#4232,#3484,#3485);
#2826=AXIS2_PLACEMENT_3D('',#4234,#3486,#3487);
#2827=AXIS2_PLACEMENT_3D('',#4236,#3489,#3490);
#2828=AXIS2_PLACEMENT_3D('',#4242,#3494,#3495);
#2829=AXIS2_PLACEMENT_3D('',#4248,#3499,#3500);
#2830=AXIS2_PLACEMENT_3D('',#4254,#3504,#3505);
#2831=AXIS2_PLACEMENT_3D('',#4256,#3506,#3507);
#2832=AXIS2_PLACEMENT_3D('',#4258,#3508,#3509);
#2833=AXIS2_PLACEMENT_3D('',#4260,#3511,#3512);
#2834=AXIS2_PLACEMENT_3D('',#4262,#3513,#3514);
#2835=AXIS2_PLACEMENT_3D('',#4264,#3515,#3516);
#2836=AXIS2_PLACEMENT_3D('',#4266,#3518,#3519);
#2837=AXIS2_PLACEMENT_3D('',#4268,#3520,#3521);
#2838=AXIS2_PLACEMENT_3D('',#4270,#3522,#3523);
#2839=AXIS2_PLACEMENT_3D('',#4272,#3525,#3526);
#2840=AXIS2_PLACEMENT_3D('',#4278,#3530,#3531);
#2841=AXIS2_PLACEMENT_3D('',#4284,#3535,#3536);
#2842=AXIS2_PLACEMENT_3D('',#4287,#3539,#3540);
#2843=AXIS2_PLACEMENT_3D('',#4288,#3541,#3542);
#2844=DIRECTION('axis',(0.,0.,1.));
#2845=DIRECTION('refdir',(1.,0.,0.));
#2846=DIRECTION('center_axis',(-1.,1.83697019872103E-16,0.));
#2847=DIRECTION('ref_axis',(-1.15604280380608E-16,-0.629320391049874,0.777145961456941));
#2848=DIRECTION('',(-1.,1.83697019872103E-16,0.));
#2849=DIRECTION('center_axis',(0.707106781186547,-0.707106781186548,0.));
#2850=DIRECTION('ref_axis',(0.707106781186548,0.707106781186547,0.));
#2851=DIRECTION('',(1.,-1.83697019872103E-16,0.));
#2852=DIRECTION('center_axis',(0.707106781186586,0.707106781186509,0.));
#2853=DIRECTION('ref_axis',(-0.707106781186509,0.707106781186586,0.));
#2854=DIRECTION('center_axis',(1.83697019872103E-16,1.,0.));
#2855=DIRECTION('ref_axis',(-0.629320391049822,1.15604280380599E-16,0.777145961456983));
#2856=DIRECTION('',(-1.83697019872103E-16,-1.,0.));
#2857=DIRECTION('',(1.83697019872103E-16,1.,0.));
#2858=DIRECTION('center_axis',(-0.707106781186586,-0.707106781186509,0.));
#2859=DIRECTION('ref_axis',(0.707106781186509,-0.707106781186586,0.));
#2860=DIRECTION('center_axis',(1.,-1.83697019872103E-16,0.));
#2861=DIRECTION('ref_axis',(1.15604280380608E-16,0.629320391049874,0.777145961456941));
#2862=DIRECTION('',(-1.,1.83697019872103E-16,0.));
#2863=DIRECTION('',(1.,-1.83697019872103E-16,0.));
#2864=DIRECTION('center_axis',(-0.707106781186612,0.707106781186483,0.));
#2865=DIRECTION('ref_axis',(-0.707106781186484,-0.707106781186612,0.));
#2866=DIRECTION('center_axis',(2.30177448363962E-14,-1.,0.));
#2867=DIRECTION('ref_axis',(0.629320391049822,-1.15604280380599E-16,0.777145961456983));
#2868=DIRECTION('',(-2.30177448363962E-14,1.,0.));
#2869=DIRECTION('',(2.30177448363962E-14,-1.,0.));
#2870=DIRECTION('center_axis',(0.978147600733805,2.25147518860239E-14,0.207911690817762));
#2871=DIRECTION('ref_axis',(-2.30177448363962E-14,1.,0.));
#2872=DIRECTION('',(-0.203558594952786,0.203558594952773,0.957667894857972));
#2873=DIRECTION('',(-2.30177448363962E-14,1.,0.));
#2874=DIRECTION('',(-0.203558594952777,-0.203558594952774,0.957667894857974));
#2875=DIRECTION('center_axis',(-1.79682799249848E-16,-0.978147600733807,
0.207911690817754));
#2876=DIRECTION('ref_axis',(1.,-1.83697019872103E-16,0.));
#2877=DIRECTION('',(0.203558594952781,0.203558594952774,0.957667894857974));
#2878=DIRECTION('',(1.,-1.83697019872103E-16,0.));
#2879=DIRECTION('center_axis',(0.,0.,1.));
#2880=DIRECTION('ref_axis',(-1.83697019872103E-16,-1.,0.));
#2881=DIRECTION('center_axis',(0.,0.,-1.));
#2882=DIRECTION('ref_axis',(1.83697019872103E-16,1.,0.));
#2883=DIRECTION('center_axis',(0.,0.,-1.));
#2884=DIRECTION('ref_axis',(1.83697019872103E-16,1.,0.));
#2885=DIRECTION('center_axis',(0.,0.,-1.));
#2886=DIRECTION('ref_axis',(1.83697019872103E-16,1.,0.));
#2887=DIRECTION('center_axis',(0.,0.,1.));
#2888=DIRECTION('ref_axis',(-1.83697019872103E-16,-1.,0.));
#2889=DIRECTION('center_axis',(-0.978147600733805,1.79682799249848E-16,
0.207911690817761));
#2890=DIRECTION('ref_axis',(-1.83697019872103E-16,-1.,0.));
#2891=DIRECTION('',(0.203558594952781,-0.203558594952774,0.957667894857974));
#2892=DIRECTION('',(-1.83697019872103E-16,-1.,0.));
#2893=DIRECTION('center_axis',(1.79682799249848E-16,0.978147600733807,0.207911690817754));
#2894=DIRECTION('ref_axis',(-1.,1.83697019872103E-16,0.));
#2895=DIRECTION('',(-1.,1.83697019872103E-16,0.));
#2896=DIRECTION('center_axis',(0.,0.,1.));
#2897=DIRECTION('ref_axis',(-1.83697019872103E-16,-1.,0.));
#2898=DIRECTION('center_axis',(1.82327770142036E-16,0.992546151641324,-0.121869343405131));
#2899=DIRECTION('ref_axis',(1.,-1.83697019872103E-16,0.));
#2900=DIRECTION('',(-1.,1.83697019872103E-16,0.));
#2901=DIRECTION('',(0.120974291151356,-0.120974291151338,-0.985256536015295));
#2902=DIRECTION('',(-1.,1.83697019872103E-16,0.));
#2903=DIRECTION('',(-0.120974291151351,-0.120974291151338,-0.985256536015296));
#2904=DIRECTION('center_axis',(-0.992546151641322,1.82327770142035E-16,
-0.121869343405149));
#2905=DIRECTION('ref_axis',(1.83697019872103E-16,1.,0.));
#2906=DIRECTION('',(-1.83697019872103E-16,-1.,0.));
#2907=DIRECTION('',(0.120974291151357,0.120974291151338,-0.985256536015295));
#2908=DIRECTION('',(-1.83697019872103E-16,-1.,0.));
#2909=DIRECTION('center_axis',(-1.82327770142036E-16,-0.992546151641324,
-0.121869343405131));
#2910=DIRECTION('ref_axis',(-1.,1.83697019872103E-16,0.));
#2911=DIRECTION('',(1.,-1.83697019872103E-16,0.));
#2912=DIRECTION('',(-0.120974291151356,0.120974291151338,-0.985256536015295));
#2913=DIRECTION('',(1.,-1.83697019872103E-16,0.));
#2914=DIRECTION('center_axis',(0.992546151641322,2.2846174056827E-14,-0.121869343405146));
#2915=DIRECTION('ref_axis',(2.30177448363962E-14,-1.,0.));
#2916=DIRECTION('',(-2.30177448363962E-14,1.,0.));
#2917=DIRECTION('',(-2.30177448363962E-14,1.,0.));
#2918=DIRECTION('center_axis',(0.,0.,1.));
#2919=DIRECTION('ref_axis',(-1.83697019872103E-16,-1.,0.));
#2920=DIRECTION('center_axis',(0.,0.,1.));
#2921=DIRECTION('ref_axis',(-1.83697019872103E-16,-1.,0.));
#2922=DIRECTION('center_axis',(-1.83697019872103E-16,-1.,0.));
#2923=DIRECTION('ref_axis',(-1.,1.83697019872103E-16,0.));
#2924=DIRECTION('',(1.,-1.83697019872103E-16,0.));
#2925=DIRECTION('',(0.,0.,-1.));
#2926=DIRECTION('',(-1.,1.83697019872103E-16,0.));
#2927=DIRECTION('',(0.,0.,-1.));
#2928=DIRECTION('center_axis',(0.999999999999805,-6.24994072110921E-7,0.));
#2929=DIRECTION('ref_axis',(-6.24994072110921E-7,-0.999999999999805,0.));
#2930=DIRECTION('',(6.24994072110921E-7,0.999999999999805,0.));
#2931=DIRECTION('',(-6.24994072110921E-7,-0.999999999999805,0.));
#2932=DIRECTION('',(0.,0.,-1.));
#2933=DIRECTION('center_axis',(1.83697019872103E-16,1.,0.));
#2934=DIRECTION('ref_axis',(1.,-1.83697019872103E-16,0.));
#2935=DIRECTION('',(-1.,1.83697019872103E-16,0.));
#2936=DIRECTION('',(1.,-1.83697019872103E-16,0.));
#2937=DIRECTION('',(0.,0.,-1.));
#2938=DIRECTION('center_axis',(1.,-1.83697019872103E-16,0.));
#2939=DIRECTION('ref_axis',(-1.83697019872103E-16,-1.,0.));
#2940=DIRECTION('',(1.83697019872103E-16,1.,0.));
#2941=DIRECTION('',(-1.83697019872103E-16,-1.,0.));
#2942=DIRECTION('',(0.,0.,-1.));
#2943=DIRECTION('center_axis',(-1.83697019872103E-16,-1.,0.));
#2944=DIRECTION('ref_axis',(-1.,1.83697019872103E-16,0.));
#2945=DIRECTION('',(1.,-1.83697019872103E-16,0.));
#2946=DIRECTION('',(-1.,1.83697019872103E-16,0.));
#2947=DIRECTION('',(0.,0.,-1.));
#2948=DIRECTION('center_axis',(1.,-1.83697019872103E-16,0.));
#2949=DIRECTION('ref_axis',(-1.83697019872103E-16,-1.,0.));
#2950=DIRECTION('',(1.83697019872103E-16,1.,0.));
#2951=DIRECTION('',(-1.83697019872103E-16,-1.,0.));
#2952=DIRECTION('',(0.,0.,-1.));
#2953=DIRECTION('center_axis',(-2.67315090855257E-13,1.,0.));
#2954=DIRECTION('ref_axis',(1.,2.67315090855257E-13,0.));
#2955=DIRECTION('',(-1.,-2.67315090855257E-13,0.));
#2956=DIRECTION('',(1.,2.67315090855257E-13,0.));
#2957=DIRECTION('',(0.,0.,-1.));
#2958=DIRECTION('center_axis',(1.,-1.83697019872103E-16,0.));
#2959=DIRECTION('ref_axis',(-1.83697019872103E-16,-1.,0.));
#2960=DIRECTION('',(1.83697019872103E-16,1.,0.));
#2961=DIRECTION('',(-1.83697019872103E-16,-1.,0.));
#2962=DIRECTION('',(0.,0.,-1.));
#2963=DIRECTION('center_axis',(-1.83697019872103E-16,-1.,0.));
#2964=DIRECTION('ref_axis',(-1.,1.83697019872103E-16,0.));
#2965=DIRECTION('',(1.,-1.83697019872103E-16,0.));
#2966=DIRECTION('',(-1.,1.83697019872103E-16,0.));
#2967=DIRECTION('',(0.,0.,-1.));
#2968=DIRECTION('center_axis',(1.,-1.83697019872103E-16,0.));
#2969=DIRECTION('ref_axis',(-1.83697019872103E-16,-1.,0.));
#2970=DIRECTION('',(1.83697019872103E-16,1.,0.));
#2971=DIRECTION('',(-1.83697019872103E-16,-1.,0.));
#2972=DIRECTION('',(0.,0.,-1.));
#2973=DIRECTION('center_axis',(1.33932420253761E-13,1.,0.));
#2974=DIRECTION('ref_axis',(1.,-1.33932420253761E-13,0.));
#2975=DIRECTION('',(-1.,1.33932420253761E-13,0.));
#2976=DIRECTION('',(1.,-1.33932420253761E-13,0.));
#2977=DIRECTION('',(0.,0.,-1.));
#2978=DIRECTION('center_axis',(1.,-1.83697019872103E-16,0.));
#2979=DIRECTION('ref_axis',(-1.83697019872103E-16,-1.,0.));
#2980=DIRECTION('',(1.83697019872103E-16,1.,0.));
#2981=DIRECTION('',(-1.83697019872103E-16,-1.,0.));
#2982=DIRECTION('',(0.,0.,-1.));
#2983=DIRECTION('center_axis',(-1.33932420253761E-13,-1.,0.));
#2984=DIRECTION('ref_axis',(-1.,1.33932420253761E-13,0.));
#2985=DIRECTION('',(1.,-1.33932420253761E-13,0.));
#2986=DIRECTION('',(-1.,1.33932420253761E-13,0.));
#2987=DIRECTION('',(0.,0.,-1.));
#2988=DIRECTION('center_axis',(1.,-1.83697019872103E-16,0.));
#2989=DIRECTION('ref_axis',(-1.83697019872103E-16,-1.,0.));
#2990=DIRECTION('',(1.83697019872103E-16,1.,0.));
#2991=DIRECTION('',(-1.83697019872103E-16,-1.,0.));
#2992=DIRECTION('',(0.,0.,-1.));
#2993=DIRECTION('center_axis',(1.83697019872103E-16,1.,0.));
#2994=DIRECTION('ref_axis',(1.,-1.83697019872103E-16,0.));
#2995=DIRECTION('',(-1.,1.83697019872103E-16,0.));
#2996=DIRECTION('',(1.,-1.83697019872103E-16,0.));
#2997=DIRECTION('',(0.,0.,-1.));
#2998=DIRECTION('center_axis',(1.,-3.87909682434624E-11,0.));
#2999=DIRECTION('ref_axis',(-3.87909682434624E-11,-1.,0.));
#3000=DIRECTION('',(3.87909682434624E-11,1.,0.));
#3001=DIRECTION('',(-3.87909682434624E-11,-1.,0.));
#3002=DIRECTION('',(0.,0.,-1.));
#3003=DIRECTION('center_axis',(-3.78773186631982E-13,1.,0.));
#3004=DIRECTION('ref_axis',(1.,3.78773186631982E-13,0.));
#3005=DIRECTION('',(-1.,-3.78773186631982E-13,0.));
#3006=DIRECTION('',(1.,3.78773186631982E-13,0.));
#3007=DIRECTION('',(0.,0.,-1.));
#3008=DIRECTION('center_axis',(-1.,1.83697019872103E-16,0.));
#3009=DIRECTION('ref_axis',(1.83697019872103E-16,1.,0.));
#3010=DIRECTION('',(-1.83697019872103E-16,-1.,0.));
#3011=DIRECTION('',(1.83697019872103E-16,1.,0.));
#3012=DIRECTION('',(0.,0.,-1.));
#3013=DIRECTION('center_axis',(1.83697019872103E-16,1.,0.));
#3014=DIRECTION('ref_axis',(1.,-1.83697019872103E-16,0.));
#3015=DIRECTION('',(-1.,1.83697019872103E-16,0.));
#3016=DIRECTION('',(1.,-1.83697019872103E-16,0.));
#3017=DIRECTION('',(0.,0.,-1.));
#3018=DIRECTION('center_axis',(1.,-3.89682710652022E-13,0.));
#3019=DIRECTION('ref_axis',(-3.89682710652022E-13,-1.,0.));
#3020=DIRECTION('',(3.89682710652022E-13,1.,0.));
#3021=DIRECTION('',(-3.89682710652022E-13,-1.,0.));
#3022=DIRECTION('',(0.,0.,-1.));
#3023=DIRECTION('center_axis',(4.54816480440242E-13,1.,0.));
#3024=DIRECTION('ref_axis',(1.,-4.54816480440242E-13,0.));
#3025=DIRECTION('',(-1.,4.54816480440242E-13,0.));
#3026=DIRECTION('',(1.,-4.54816480440242E-13,0.));
#3027=DIRECTION('',(0.,0.,-1.));
#3028=DIRECTION('center_axis',(-1.,-3.14396062687433E-12,0.));
#3029=DIRECTION('ref_axis',(-3.14396062687433E-12,1.,0.));
#3030=DIRECTION('',(3.14396062687433E-12,-1.,0.));
#3031=DIRECTION('',(-3.14396062687433E-12,1.,0.));
#3032=DIRECTION('',(0.,0.,-1.));
#3033=DIRECTION('center_axis',(-1.83697019872103E-16,-1.,0.));
#3034=DIRECTION('ref_axis',(-1.,1.83697019872103E-16,0.));
#3035=DIRECTION('',(1.,-1.83697019872103E-16,0.));
#3036=DIRECTION('',(-1.,1.83697019872103E-16,0.));
#3037=DIRECTION('',(0.,0.,-1.));
#3038=DIRECTION('center_axis',(-1.,1.83697019872103E-16,0.));
#3039=DIRECTION('ref_axis',(1.83697019872103E-16,1.,0.));
#3040=DIRECTION('',(-1.83697019872103E-16,-1.,0.));
#3041=DIRECTION('',(1.83697019872103E-16,1.,0.));
#3042=DIRECTION('',(0.,0.,-1.));
#3043=DIRECTION('center_axis',(1.83697019872103E-16,1.,0.));
#3044=DIRECTION('ref_axis',(1.,-1.83697019872103E-16,0.));
#3045=DIRECTION('',(-1.,1.83697019872103E-16,0.));
#3046=DIRECTION('',(1.,-1.83697019872103E-16,0.));
#3047=DIRECTION('',(0.,0.,-1.));
#3048=DIRECTION('center_axis',(-1.,1.83697019872103E-16,0.));
#3049=DIRECTION('ref_axis',(1.83697019872103E-16,1.,0.));
#3050=DIRECTION('',(-1.83697019872103E-16,-1.,0.));
#3051=DIRECTION('',(1.83697019872103E-16,1.,0.));
#3052=DIRECTION('',(0.,0.,-1.));
#3053=DIRECTION('center_axis',(2.2713269469176E-13,-1.,0.));
#3054=DIRECTION('ref_axis',(-1.,-2.2713269469176E-13,0.));
#3055=DIRECTION('',(1.,2.2713269469176E-13,0.));
#3056=DIRECTION('',(-1.,-2.2713269469176E-13,0.));
#3057=DIRECTION('',(0.,0.,-1.));
#3058=DIRECTION('center_axis',(1.,-2.5319272856037E-12,0.));
#3059=DIRECTION('ref_axis',(-2.5319272856037E-12,-1.,0.));
#3060=DIRECTION('',(2.5319272856037E-12,1.,0.));
#3061=DIRECTION('',(-2.5319272856037E-12,-1.,0.));
#3062=DIRECTION('',(0.,0.,-1.));
#3063=DIRECTION('center_axis',(-1.83697019872103E-16,-1.,0.));
#3064=DIRECTION('ref_axis',(-1.,1.83697019872103E-16,0.));
#3065=DIRECTION('',(1.,-1.83697019872103E-16,0.));
#3066=DIRECTION('',(-1.,1.83697019872103E-16,0.));
#3067=DIRECTION('',(0.,0.,-1.));
#3068=DIRECTION('center_axis',(-1.,1.83697019872103E-16,0.));
#3069=DIRECTION('ref_axis',(1.83697019872103E-16,1.,0.));
#3070=DIRECTION('',(-1.83697019872103E-16,-1.,0.));
#3071=DIRECTION('',(1.83697019872103E-16,1.,0.));
#3072=DIRECTION('',(0.,0.,-1.));
#3073=DIRECTION('center_axis',(-1.89662138845727E-13,-1.,0.));
#3074=DIRECTION('ref_axis',(-1.,1.89662138845727E-13,0.));
#3075=DIRECTION('',(1.,-1.89662138845727E-13,0.));
#3076=DIRECTION('',(-1.,1.89662138845727E-13,0.));
#3077=DIRECTION('',(0.,0.,-1.));
#3078=DIRECTION('center_axis',(1.,5.96762930686637E-12,0.));
#3079=DIRECTION('ref_axis',(5.96762930686637E-12,-1.,0.));
#3080=DIRECTION('',(-5.96762930686637E-12,1.,0.));
#3081=DIRECTION('',(5.96762930686637E-12,-1.,0.));
#3082=DIRECTION('center_axis',(0.,0.,1.));
#3083=DIRECTION('ref_axis',(-1.83697019872103E-16,-1.,0.));
#3084=DIRECTION('center_axis',(0.,0.,-1.));
#3085=DIRECTION('ref_axis',(1.83697019872103E-16,1.,0.));
#3086=DIRECTION('center_axis',(-7.22283522636852E-14,1.,0.));
#3087=DIRECTION('ref_axis',(1.,7.22283522636852E-14,8.03935243748969E-30));
#3088=DIRECTION('',(-1.,-7.22283522636852E-14,-8.03935243748969E-30));
#3089=DIRECTION('',(0.,0.,-1.));
#3090=DIRECTION('',(1.,7.22283522636852E-14,8.03935243748969E-30));
#3091=DIRECTION('',(0.,0.,-1.));
#3092=DIRECTION('center_axis',(-1.,1.83697019872103E-16,0.));
#3093=DIRECTION('ref_axis',(1.83697019872103E-16,1.,1.22464679914736E-16));
#3094=DIRECTION('',(-1.83697019872103E-16,-1.,-1.22464679914736E-16));
#3095=DIRECTION('',(1.83697019872103E-16,1.,1.22464679914736E-16));
#3096=DIRECTION('',(0.,0.,-1.));
#3097=DIRECTION('center_axis',(-1.83697019872103E-16,-1.,0.));
#3098=DIRECTION('ref_axis',(-1.,1.83697019872103E-16,0.));
#3099=DIRECTION('',(1.,-1.83697019872103E-16,0.));
#3100=DIRECTION('',(-1.,1.83697019872103E-16,0.));
#3101=DIRECTION('',(0.,0.,-1.));
#3102=DIRECTION('center_axis',(1.,-1.83697019872103E-16,0.));
#3103=DIRECTION('ref_axis',(-1.83697019872103E-16,-1.,-1.22464679914735E-16));
#3104=DIRECTION('',(1.83697019872103E-16,1.,1.22464679914735E-16));
#3105=DIRECTION('',(-1.83697019872103E-16,-1.,-1.22464679914735E-16));
#3106=DIRECTION('center_axis',(3.86954844597719E-31,-1.22464679914736E-16,
1.));
#3107=DIRECTION('ref_axis',(-1.83697019872103E-16,-1.,-1.22464679914736E-16));
#3108=DIRECTION('center_axis',(0.,0.,-1.));
#3109=DIRECTION('ref_axis',(1.83697019872103E-16,1.,0.));
#3110=DIRECTION('center_axis',(-7.22283522636747E-14,1.,0.));
#3111=DIRECTION('ref_axis',(1.,7.22283522636747E-14,8.03935243748853E-30));
#3112=DIRECTION('',(-1.,-7.22283522636747E-14,-8.03935243748853E-30));
#3113=DIRECTION('',(0.,0.,-1.));
#3114=DIRECTION('',(1.,7.22283522636747E-14,8.03935243748853E-30));
#3115=DIRECTION('',(0.,0.,-1.));
#3116=DIRECTION('center_axis',(-1.,1.83697019872103E-16,0.));
#3117=DIRECTION('ref_axis',(1.83697019872103E-16,1.,1.22464679914734E-16));
#3118=DIRECTION('',(-1.83697019872103E-16,-1.,-1.22464679914734E-16));
#3119=DIRECTION('',(1.83697019872103E-16,1.,1.22464679914734E-16));
#3120=DIRECTION('',(0.,0.,-1.));
#3121=DIRECTION('center_axis',(7.16860918205023E-12,-1.,0.));
#3122=DIRECTION('ref_axis',(-1.,-7.16860918205023E-12,-8.78299253795494E-28));
#3123=DIRECTION('',(1.,7.16860918205023E-12,8.78299253795494E-28));
#3124=DIRECTION('',(-1.,-7.16860918205023E-12,-8.78299253795494E-28));
#3125=DIRECTION('',(0.,0.,-1.));
#3126=DIRECTION('center_axis',(1.,2.84033965722949E-13,0.));
#3127=DIRECTION('ref_axis',(2.84033965722949E-13,-1.,-1.22464679914736E-16));
#3128=DIRECTION('',(-2.84033965722949E-13,1.,1.22464679914736E-16));
#3129=DIRECTION('',(2.84033965722949E-13,-1.,-1.22464679914736E-16));
#3130=DIRECTION('center_axis',(2.15238591060257E-31,-1.22464679914735E-16,
1.));
#3131=DIRECTION('ref_axis',(-1.83697019872103E-16,-1.,-1.22464679914735E-16));
#3132=DIRECTION('center_axis',(0.,0.,-1.));
#3133=DIRECTION('ref_axis',(1.83697019872103E-16,1.,0.));
#3134=DIRECTION('center_axis',(2.17419844870481E-13,1.,0.));
#3135=DIRECTION('ref_axis',(1.,-2.17419844870481E-13,-2.61278954218339E-29));
#3136=DIRECTION('',(-1.,2.17419844870481E-13,2.61278954218339E-29));
#3137=DIRECTION('',(0.,0.,-1.));
#3138=DIRECTION('',(1.,-2.17419844870481E-13,-2.61278954218339E-29));
#3139=DIRECTION('',(0.,0.,-1.));
#3140=DIRECTION('center_axis',(-1.,-2.8403396571891E-13,0.));
#3141=DIRECTION('ref_axis',(-2.8403396571891E-13,1.,1.22464679914735E-16));
#3142=DIRECTION('',(2.8403396571891E-13,-1.,-1.22464679914735E-16));
#3143=DIRECTION('',(-2.8403396571891E-13,1.,1.22464679914735E-16));
#3144=DIRECTION('',(0.,0.,-1.));
#3145=DIRECTION('center_axis',(-7.25957463034189E-14,-1.,0.));
#3146=DIRECTION('ref_axis',(-1.,7.25957463034189E-14,8.03935243748853E-30));
#3147=DIRECTION('',(1.,-7.25957463034189E-14,-8.03935243748853E-30));
#3148=DIRECTION('',(-1.,7.25957463034189E-14,8.03935243748853E-30));
#3149=DIRECTION('',(0.,0.,-1.));
#3150=DIRECTION('center_axis',(1.,-1.83697019872103E-16,0.));
#3151=DIRECTION('ref_axis',(-1.83697019872103E-16,-1.,-1.22464679914734E-16));
#3152=DIRECTION('',(1.83697019872103E-16,1.,1.22464679914734E-16));
#3153=DIRECTION('',(-1.83697019872103E-16,-1.,-1.22464679914734E-16));
#3154=DIRECTION('center_axis',(-6.54209174324709E-31,-1.22464679914734E-16,
1.));
#3155=DIRECTION('ref_axis',(-1.83697019872103E-16,-1.,-1.22464679914734E-16));
#3156=DIRECTION('center_axis',(0.,0.,-1.));
#3157=DIRECTION('ref_axis',(1.83697019872103E-16,1.,0.));
#3158=DIRECTION('center_axis',(-1.45007841708828E-13,-1.,0.));
#3159=DIRECTION('ref_axis',(-1.,1.45007841708828E-13,1.8088548744974E-29));
#3160=DIRECTION('',(1.,-1.45007841708828E-13,-1.8088548744974E-29));
#3161=DIRECTION('',(0.,0.,-1.));
#3162=DIRECTION('',(-1.,1.45007841708828E-13,1.8088548744974E-29));
#3163=DIRECTION('',(0.,0.,-1.));
#3164=DIRECTION('center_axis',(1.,-1.83697019872103E-16,0.));
#3165=DIRECTION('ref_axis',(-1.83697019872103E-16,-1.,-1.22464679914733E-16));
#3166=DIRECTION('',(1.83697019872103E-16,1.,1.22464679914733E-16));
#3167=DIRECTION('',(-1.83697019872103E-16,-1.,-1.22464679914733E-16));
#3168=DIRECTION('',(0.,0.,-1.));
#3169=DIRECTION('center_axis',(2.17419844870544E-13,1.,0.));
#3170=DIRECTION('ref_axis',(1.,-2.17419844870544E-13,-2.61278954218415E-29));
#3171=DIRECTION('',(-1.,2.17419844870544E-13,2.61278954218415E-29));
#3172=DIRECTION('',(1.,-2.17419844870544E-13,-2.61278954218415E-29));
#3173=DIRECTION('',(0.,0.,-1.));
#3174=DIRECTION('center_axis',(-0.999999999999805,-6.24994071743705E-7,
0.));
#3175=DIRECTION('ref_axis',(-6.24994071743705E-7,0.999999999999805,1.22464679914712E-16));
#3176=DIRECTION('',(6.24994071743705E-7,-0.999999999999805,-1.22464679914712E-16));
#3177=DIRECTION('',(-6.24994071743705E-7,0.999999999999805,1.22464679914712E-16));
#3178=DIRECTION('center_axis',(-7.70883249281878E-32,-1.22464679914735E-16,
1.));
#3179=DIRECTION('ref_axis',(-1.83697019872103E-16,-1.,-1.22464679914735E-16));
#3180=DIRECTION('center_axis',(0.,0.,-1.));
#3181=DIRECTION('ref_axis',(1.83697019872103E-16,1.,0.));
#3182=DIRECTION('center_axis',(0.,0.,-1.));
#3183=DIRECTION('ref_axis',(1.83697019872103E-16,1.,0.));
#3184=DIRECTION('center_axis',(0.,0.,-1.));
#3185=DIRECTION('ref_axis',(1.83697019872103E-16,1.,0.));
#3186=DIRECTION('center_axis',(0.,0.,1.));
#3187=DIRECTION('ref_axis',(1.83697019872103E-16,1.,0.));
#3188=DIRECTION('center_axis',(0.,0.,1.));
#3189=DIRECTION('ref_axis',(-1.83697019872103E-16,-1.,0.));
#3190=DIRECTION('center_axis',(0.,0.,1.));
#3191=DIRECTION('ref_axis',(-1.83697019872103E-16,-1.,0.));
#3192=DIRECTION('center_axis',(0.,-1.,0.));
#3193=DIRECTION('ref_axis',(1.,0.,0.));
#3194=DIRECTION('',(1.,0.,0.));
#3195=DIRECTION('',(0.,0.,1.));
#3196=DIRECTION('',(1.,0.,0.));
#3197=DIRECTION('',(0.,0.,1.));
#3198=DIRECTION('center_axis',(1.,0.,0.));
#3199=DIRECTION('ref_axis',(0.,1.,0.));
#3200=DIRECTION('',(0.,1.,0.));
#3201=DIRECTION('',(0.,1.,0.));
#3202=DIRECTION('',(0.,0.,1.));
#3203=DIRECTION('center_axis',(0.,-1.,0.));
#3204=DIRECTION('ref_axis',(1.,0.,0.));
#3205=DIRECTION('',(1.,0.,0.));
#3206=DIRECTION('',(1.,0.,0.));
#3207=DIRECTION('',(0.,0.,1.));
#3208=DIRECTION('center_axis',(-1.,0.,0.));
#3209=DIRECTION('ref_axis',(0.,-1.,0.));
#3210=DIRECTION('',(0.,-1.,0.));
#3211=DIRECTION('',(0.,-1.,0.));
#3212=DIRECTION('',(0.,0.,1.));
#3213=DIRECTION('center_axis',(0.,1.,0.));
#3214=DIRECTION('ref_axis',(-1.,0.,0.));
#3215=DIRECTION('',(-1.,0.,0.));
#3216=DIRECTION('',(-1.,0.,0.));
#3217=DIRECTION('',(0.,0.,1.));
#3218=DIRECTION('center_axis',(1.,0.,0.));
#3219=DIRECTION('ref_axis',(0.,1.,0.));
#3220=DIRECTION('',(0.,1.,0.));
#3221=DIRECTION('',(0.,1.,0.));
#3222=DIRECTION('',(0.,0.,1.));
#3223=DIRECTION('center_axis',(0.,1.,0.));
#3224=DIRECTION('ref_axis',(-1.,0.,0.));
#3225=DIRECTION('',(-1.,0.,0.));
#3226=DIRECTION('',(-1.,0.,0.));
#3227=DIRECTION('',(0.,0.,1.));
#3228=DIRECTION('center_axis',(-1.,0.,0.));
#3229=DIRECTION('ref_axis',(0.,-1.,0.));
#3230=DIRECTION('',(0.,-1.,0.));
#3231=DIRECTION('',(0.,-1.,0.));
#3232=DIRECTION('',(0.,0.,1.));
#3233=DIRECTION('center_axis',(0.,1.,0.));
#3234=DIRECTION('ref_axis',(-1.,0.,0.));
#3235=DIRECTION('',(-1.,0.,0.));
#3236=DIRECTION('',(-1.,0.,0.));
#3237=DIRECTION('',(0.,0.,1.));
#3238=DIRECTION('center_axis',(1.,0.,0.));
#3239=DIRECTION('ref_axis',(0.,1.,0.));
#3240=DIRECTION('',(0.,1.,0.));
#3241=DIRECTION('',(0.,1.,0.));
#3242=DIRECTION('',(0.,0.,1.));
#3243=DIRECTION('center_axis',(0.,-1.,0.));
#3244=DIRECTION('ref_axis',(1.,0.,0.));
#3245=DIRECTION('',(1.,0.,0.));
#3246=DIRECTION('',(1.,0.,0.));
#3247=DIRECTION('',(0.,0.,1.));
#3248=DIRECTION('center_axis',(-1.,0.,0.));
#3249=DIRECTION('ref_axis',(0.,-1.,0.));
#3250=DIRECTION('',(0.,-1.,0.));
#3251=DIRECTION('',(0.,-1.,0.));
#3252=DIRECTION('center_axis',(0.,0.,1.));
#3253=DIRECTION('ref_axis',(1.,0.,0.));
#3254=DIRECTION('center_axis',(0.,0.,1.));
#3255=DIRECTION('ref_axis',(1.,0.,0.));
#3256=DIRECTION('center_axis',(0.,-1.,0.));
#3257=DIRECTION('ref_axis',(1.,0.,0.));
#3258=DIRECTION('',(1.,0.,0.));
#3259=DIRECTION('',(0.,0.,1.));
#3260=DIRECTION('',(1.,0.,0.));
#3261=DIRECTION('',(0.,0.,1.));
#3262=DIRECTION('center_axis',(0.,0.,1.));
#3263=DIRECTION('ref_axis',(-0.437298938588382,0.899316205963995,0.));
#3264=DIRECTION('center_axis',(0.,0.,1.));
#3265=DIRECTION('ref_axis',(-0.437298938588382,0.899316205963995,0.));
#3266=DIRECTION('center_axis',(0.,0.,1.));
#3267=DIRECTION('ref_axis',(-0.437298938588382,0.899316205963995,0.));
#3268=DIRECTION('',(0.,0.,1.));
#3269=DIRECTION('center_axis',(1.,-5.78857516198657E-15,0.));
#3270=DIRECTION('ref_axis',(5.78857516198657E-15,1.,0.));
#3271=DIRECTION('',(5.78857516198657E-15,1.,0.));
#3272=DIRECTION('',(5.78857516198657E-15,1.,0.));
#3273=DIRECTION('center_axis',(0.,0.,1.));
#3274=DIRECTION('ref_axis',(1.,0.,0.));
#3275=DIRECTION('center_axis',(0.,0.,1.));
#3276=DIRECTION('ref_axis',(1.,0.,0.));
#3277=DIRECTION('center_axis',(0.682354219807401,-0.731021695102843,0.));
#3278=DIRECTION('ref_axis',(0.731021695102843,0.682354219807401,0.));
#3279=DIRECTION('',(0.731021695102843,0.682354219807401,0.));
#3280=DIRECTION('',(0.,0.,1.));
#3281=DIRECTION('',(0.731021695102843,0.682354219807401,0.));
#3282=DIRECTION('',(0.,0.,1.));
#3283=DIRECTION('center_axis',(0.,-1.,0.));
#3284=DIRECTION('ref_axis',(1.,0.,0.));
#3285=DIRECTION('',(1.,0.,0.));
#3286=DIRECTION('',(1.,0.,0.));
#3287=DIRECTION('',(0.,0.,1.));
#3288=DIRECTION('center_axis',(-1.,0.,0.));
#3289=DIRECTION('ref_axis',(0.,-1.,0.));
#3290=DIRECTION('',(0.,-1.,0.));
#3291=DIRECTION('',(0.,-1.,0.));
#3292=DIRECTION('',(0.,0.,1.));
#3293=DIRECTION('center_axis',(0.,0.,1.));
#3294=DIRECTION('ref_axis',(0.998843787979488,0.0480737684687559,0.));
#3295=DIRECTION('center_axis',(0.,0.,1.));
#3296=DIRECTION('ref_axis',(0.998843787979488,0.0480737684687559,0.));
#3297=DIRECTION('center_axis',(0.,0.,1.));
#3298=DIRECTION('ref_axis',(0.998843787979488,0.0480737684687559,0.));
#3299=DIRECTION('',(0.,0.,1.));
#3300=DIRECTION('center_axis',(0.,-1.,0.));
#3301=DIRECTION('ref_axis',(1.,0.,0.));
#3302=DIRECTION('',(1.,0.,0.));
#3303=DIRECTION('',(1.,0.,0.));
#3304=DIRECTION('',(0.,0.,1.));
#3305=DIRECTION('center_axis',(-1.,0.,0.));
#3306=DIRECTION('ref_axis',(0.,-1.,0.));
#3307=DIRECTION('',(0.,-1.,0.));
#3308=DIRECTION('',(0.,-1.,0.));
#3309=DIRECTION('center_axis',(0.,0.,1.));
#3310=DIRECTION('ref_axis',(1.,0.,0.));
#3311=DIRECTION('center_axis',(0.,0.,1.));
#3312=DIRECTION('ref_axis',(1.,0.,0.));
#3313=DIRECTION('center_axis',(0.,0.,1.));
#3314=DIRECTION('ref_axis',(-0.998843787979489,-0.048073768468747,0.));
#3315=DIRECTION('center_axis',(0.,0.,1.));
#3316=DIRECTION('ref_axis',(-0.998843787979489,-0.048073768468747,0.));
#3317=DIRECTION('',(0.,0.,1.));
#3318=DIRECTION('center_axis',(0.,0.,1.));
#3319=DIRECTION('ref_axis',(-0.998843787979489,-0.048073768468747,0.));
#3320=DIRECTION('',(0.,0.,1.));
#3321=DIRECTION('center_axis',(0.,1.,0.));
#3322=DIRECTION('ref_axis',(-1.,0.,0.));
#3323=DIRECTION('',(-1.,0.,0.));
#3324=DIRECTION('',(-1.,0.,0.));
#3325=DIRECTION('',(0.,0.,1.));
#3326=DIRECTION('center_axis',(1.,0.,0.));
#3327=DIRECTION('ref_axis',(0.,1.,0.));
#3328=DIRECTION('',(0.,1.,0.));
#3329=DIRECTION('',(0.,1.,0.));
#3330=DIRECTION('center_axis',(0.,0.,1.));
#3331=DIRECTION('ref_axis',(1.,0.,0.));
#3332=DIRECTION('center_axis',(0.,0.,1.));
#3333=DIRECTION('ref_axis',(1.,0.,0.));
#3334=DIRECTION('center_axis',(0.,0.,1.));
#3335=DIRECTION('ref_axis',(-0.341207837301585,-0.939987878519705,0.));
#3336=DIRECTION('center_axis',(0.,0.,1.));
#3337=DIRECTION('ref_axis',(-0.341207837301585,-0.939987878519705,0.));
#3338=DIRECTION('',(0.,0.,1.));
#3339=DIRECTION('center_axis',(0.,0.,1.));
#3340=DIRECTION('ref_axis',(-0.341207837301585,-0.939987878519705,0.));
#3341=DIRECTION('',(0.,0.,1.));
#3342=DIRECTION('center_axis',(-1.,0.,0.));
#3343=DIRECTION('ref_axis',(0.,-1.,0.));
#3344=DIRECTION('',(0.,-1.,0.));
#3345=DIRECTION('',(0.,-1.,0.));
#3346=DIRECTION('',(0.,0.,1.));
#3347=DIRECTION('center_axis',(0.,1.,0.));
#3348=DIRECTION('ref_axis',(-1.,0.,0.));
#3349=DIRECTION('',(-1.,0.,0.));
#3350=DIRECTION('',(-1.,0.,0.));
#3351=DIRECTION('',(0.,0.,1.));
#3352=DIRECTION('center_axis',(0.682354219807403,0.731021695102841,0.));
#3353=DIRECTION('ref_axis',(-0.731021695102841,0.682354219807403,0.));
#3354=DIRECTION('',(-0.731021695102841,0.682354219807403,0.));
#3355=DIRECTION('',(-0.731021695102841,0.682354219807403,0.));
#3356=DIRECTION('',(0.,0.,1.));
#3357=DIRECTION('center_axis',(-1.,0.,0.));
#3358=DIRECTION('ref_axis',(0.,-1.,0.));
#3359=DIRECTION('',(0.,-1.,0.));
#3360=DIRECTION('',(0.,-1.,0.));
#3361=DIRECTION('',(0.,0.,1.));
#3362=DIRECTION('center_axis',(0.,1.,0.));
#3363=DIRECTION('ref_axis',(-1.,0.,0.));
#3364=DIRECTION('',(-1.,0.,0.));
#3365=DIRECTION('',(-1.,0.,0.));
#3366=DIRECTION('center_axis',(0.,0.,1.));
#3367=DIRECTION('ref_axis',(1.,0.,0.));
#3368=DIRECTION('center_axis',(0.,0.,1.));
#3369=DIRECTION('ref_axis',(1.,0.,0.));
#3370=DIRECTION('center_axis',(1.,0.,0.));
#3371=DIRECTION('ref_axis',(0.,1.,0.));
#3372=DIRECTION('',(0.,1.,0.));
#3373=DIRECTION('',(0.,0.,1.));
#3374=DIRECTION('',(0.,-1.,0.));
#3375=DIRECTION('',(0.,0.,1.));
#3376=DIRECTION('center_axis',(0.,0.,1.));
#3377=DIRECTION('ref_axis',(0.999938612540207,0.0110802144007054,0.));
#3378=DIRECTION('center_axis',(0.,0.,1.));
#3379=DIRECTION('ref_axis',(0.999938612540207,0.0110802144007054,0.));
#3380=DIRECTION('',(0.,0.,1.));
#3381=DIRECTION('center_axis',(0.,0.,-1.));
#3382=DIRECTION('ref_axis',(0.999938612540207,0.0110802144007054,0.));
#3383=DIRECTION('center_axis',(0.,0.,1.));
#3384=DIRECTION('ref_axis',(0.963771894353465,-0.266727830670767,0.));
#3385=DIRECTION('center_axis',(0.,0.,1.));
#3386=DIRECTION('ref_axis',(0.963771894353465,-0.266727830670767,0.));
#3387=DIRECTION('',(0.,0.,1.));
#3388=DIRECTION('center_axis',(0.,0.,-1.));
#3389=DIRECTION('ref_axis',(0.963771894353465,-0.266727830670767,0.));
#3390=DIRECTION('center_axis',(0.,0.,1.));
#3391=DIRECTION('ref_axis',(-0.848985634990215,-0.528415926690576,0.));
#3392=DIRECTION('center_axis',(0.,0.,1.));
#3393=DIRECTION('ref_axis',(-0.848985634990215,-0.528415926690576,0.));
#3394=DIRECTION('',(0.,0.,1.));
#3395=DIRECTION('center_axis',(0.,0.,-1.));
#3396=DIRECTION('ref_axis',(-0.848985634990215,-0.528415926690576,0.));
#3397=DIRECTION('center_axis',(-1.,0.,0.));
#3398=DIRECTION('ref_axis',(0.,-1.,0.));
#3399=DIRECTION('',(0.,-1.,0.));
#3400=DIRECTION('',(0.,0.,1.));
#3401=DIRECTION('',(0.,1.,0.));
#3402=DIRECTION('center_axis',(0.,1.,0.));
#3403=DIRECTION('ref_axis',(-1.,0.,0.));
#3404=DIRECTION('',(-1.,0.,0.));
#3405=DIRECTION('',(1.,0.,0.));
#3406=DIRECTION('center_axis',(0.,-1.,0.));
#3407=DIRECTION('ref_axis',(1.,0.,0.));
#3408=DIRECTION('',(1.,0.,0.));
#3409=DIRECTION('',(0.,0.,1.));
#3410=DIRECTION('',(1.,0.,0.));
#3411=DIRECTION('',(0.,0.,1.));
#3412=DIRECTION('center_axis',(-1.,0.,0.));
#3413=DIRECTION('ref_axis',(0.,-1.,0.));
#3414=DIRECTION('',(0.,-1.,0.));
#3415=DIRECTION('',(0.,-1.,0.));
#3416=DIRECTION('',(0.,0.,1.));
#3417=DIRECTION('center_axis',(1.39193577484645E-14,1.,0.));
#3418=DIRECTION('ref_axis',(-1.,1.39193577484645E-14,0.));
#3419=DIRECTION('',(-1.,1.39193577484645E-14,0.));
#3420=DIRECTION('',(-1.,1.39193577484645E-14,0.));
#3421=DIRECTION('',(0.,0.,1.));
#3422=DIRECTION('center_axis',(1.,0.,0.));
#3423=DIRECTION('ref_axis',(0.,1.,0.));
#3424=DIRECTION('',(0.,1.,0.));
#3425=DIRECTION('',(0.,1.,0.));
#3426=DIRECTION('',(0.,0.,1.));
#3427=DIRECTION('center_axis',(0.,1.,0.));
#3428=DIRECTION('ref_axis',(-1.,0.,0.));
#3429=DIRECTION('',(-1.,0.,0.));
#3430=DIRECTION('',(-1.,0.,0.));
#3431=DIRECTION('',(0.,0.,1.));
#3432=DIRECTION('center_axis',(-1.,0.,0.));
#3433=DIRECTION('ref_axis',(0.,-1.,0.));
#3434=DIRECTION('',(0.,-1.,0.));
#3435=DIRECTION('',(0.,-1.,0.));
#3436=DIRECTION('',(0.,0.,1.));
#3437=DIRECTION('center_axis',(0.,1.,0.));
#3438=DIRECTION('ref_axis',(-1.,0.,0.));
#3439=DIRECTION('',(-1.,0.,0.));
#3440=DIRECTION('',(-1.,0.,0.));
#3441=DIRECTION('',(0.,0.,1.));
#3442=DIRECTION('center_axis',(1.,0.,0.));
#3443=DIRECTION('ref_axis',(0.,1.,0.));
#3444=DIRECTION('',(0.,1.,0.));
#3445=DIRECTION('',(0.,1.,0.));
#3446=DIRECTION('',(0.,0.,1.));
#3447=DIRECTION('center_axis',(0.,0.,1.));
#3448=DIRECTION('ref_axis',(0.898424104574099,-0.439128828842093,0.));
#3449=DIRECTION('center_axis',(0.,0.,1.));
#3450=DIRECTION('ref_axis',(0.898424104574099,-0.439128828842093,0.));
#3451=DIRECTION('center_axis',(0.,0.,1.));
#3452=DIRECTION('ref_axis',(0.898424104574099,-0.439128828842093,0.));
#3453=DIRECTION('',(0.,0.,1.));
#3454=DIRECTION('center_axis',(0.,0.,1.));
#3455=DIRECTION('ref_axis',(0.157797051997018,-0.987471564340488,0.));
#3456=DIRECTION('center_axis',(0.,0.,1.));
#3457=DIRECTION('ref_axis',(0.157797051997018,-0.987471564340488,0.));
#3458=DIRECTION('center_axis',(0.,0.,1.));
#3459=DIRECTION('ref_axis',(0.157797051997018,-0.987471564340488,0.));
#3460=DIRECTION('',(0.,0.,1.));
#3461=DIRECTION('center_axis',(0.,0.,1.));
#3462=DIRECTION('ref_axis',(-0.274392798218721,-0.961617695493225,0.));
#3463=DIRECTION('center_axis',(0.,0.,1.));
#3464=DIRECTION('ref_axis',(-0.274392798218721,-0.961617695493225,0.));
#3465=DIRECTION('center_axis',(0.,0.,1.));
#3466=DIRECTION('ref_axis',(-0.274392798218721,-0.961617695493225,0.));
#3467=DIRECTION('',(0.,0.,1.));
#3468=DIRECTION('center_axis',(0.,0.,1.));
#3469=DIRECTION('ref_axis',(-0.948347960641434,-0.317232005868311,0.));
#3470=DIRECTION('center_axis',(0.,0.,1.));
#3471=DIRECTION('ref_axis',(-0.948347960641434,-0.317232005868311,0.));
#3472=DIRECTION('center_axis',(0.,0.,1.));
#3473=DIRECTION('ref_axis',(-0.948347960641434,-0.317232005868311,0.));
#3474=DIRECTION('',(0.,0.,1.));
#3475=DIRECTION('center_axis',(0.,0.,1.));
#3476=DIRECTION('ref_axis',(0.565210623949514,-0.824946634985925,0.));
#3477=DIRECTION('center_axis',(0.,0.,1.));
#3478=DIRECTION('ref_axis',(0.565210623949514,-0.824946634985925,0.));
#3479=DIRECTION('center_axis',(0.,0.,1.));
#3480=DIRECTION('ref_axis',(0.565210623949514,-0.824946634985925,0.));
#3481=DIRECTION('',(0.,0.,1.));
#3482=DIRECTION('center_axis',(0.,0.,1.));
#3483=DIRECTION('ref_axis',(0.421271924614102,-0.906934377742916,0.));
#3484=DIRECTION('center_axis',(0.,0.,1.));
#3485=DIRECTION('ref_axis',(0.421271924614102,-0.906934377742916,0.));
#3486=DIRECTION('center_axis',(0.,0.,1.));
#3487=DIRECTION('ref_axis',(0.421271924614102,-0.906934377742916,0.));
#3488=DIRECTION('',(0.,0.,1.));
#3489=DIRECTION('center_axis',(1.,0.,0.));
#3490=DIRECTION('ref_axis',(0.,1.,0.));
#3491=DIRECTION('',(0.,1.,0.));
#3492=DIRECTION('',(0.,1.,0.));
#3493=DIRECTION('',(0.,0.,1.));
#3494=DIRECTION('center_axis',(0.,-1.,0.));
#3495=DIRECTION('ref_axis',(1.,0.,0.));
#3496=DIRECTION('',(1.,0.,0.));
#3497=DIRECTION('',(1.,0.,0.));
#3498=DIRECTION('',(0.,0.,1.));
#3499=DIRECTION('center_axis',(-1.,0.,0.));
#3500=DIRECTION('ref_axis',(0.,-1.,0.));
#3501=DIRECTION('',(0.,-1.,0.));
#3502=DIRECTION('',(0.,-1.,0.));
#3503=DIRECTION('',(0.,0.,1.));
#3504=DIRECTION('center_axis',(0.,0.,1.));
#3505=DIRECTION('ref_axis',(0.521093881547128,-0.853499365327326,0.));
#3506=DIRECTION('center_axis',(0.,0.,-1.));
#3507=DIRECTION('ref_axis',(0.521093881547128,-0.853499365327326,0.));
#3508=DIRECTION('center_axis',(0.,0.,-1.));
#3509=DIRECTION('ref_axis',(0.521093881547128,-0.853499365327326,0.));
#3510=DIRECTION('',(0.,0.,1.));
#3511=DIRECTION('center_axis',(0.,0.,1.));
#3512=DIRECTION('ref_axis',(0.766901102709365,-0.641765298737132,0.));
#3513=DIRECTION('center_axis',(0.,0.,-1.));
#3514=DIRECTION('ref_axis',(0.766901102709365,-0.641765298737132,0.));
#3515=DIRECTION('center_axis',(0.,0.,-1.));
#3516=DIRECTION('ref_axis',(0.766901102709365,-0.641765298737132,0.));
#3517=DIRECTION('',(0.,0.,1.));
#3518=DIRECTION('center_axis',(0.,0.,1.));
#3519=DIRECTION('ref_axis',(0.952723400930042,-0.30383897268174,0.));
#3520=DIRECTION('center_axis',(0.,0.,-1.));
#3521=DIRECTION('ref_axis',(0.952723400930042,-0.30383897268174,0.));
#3522=DIRECTION('center_axis',(0.,0.,-1.));
#3523=DIRECTION('ref_axis',(0.952723400930042,-0.30383897268174,0.));
#3524=DIRECTION('',(0.,0.,1.));
#3525=DIRECTION('center_axis',(-1.,0.,0.));
#3526=DIRECTION('ref_axis',(0.,-1.,0.));
#3527=DIRECTION('',(0.,-1.,0.));
#3528=DIRECTION('',(0.,-1.,0.));
#3529=DIRECTION('',(0.,0.,1.));
#3530=DIRECTION('center_axis',(0.,-1.,0.));
#3531=DIRECTION('ref_axis',(1.,0.,0.));
#3532=DIRECTION('',(1.,0.,0.));
#3533=DIRECTION('',(1.,0.,0.));
#3534=DIRECTION('',(0.,0.,1.));
#3535=DIRECTION('center_axis',(1.,0.,0.));
#3536=DIRECTION('ref_axis',(0.,1.,0.));
#3537=DIRECTION('',(0.,1.,0.));
#3538=DIRECTION('',(0.,1.,0.));
#3539=DIRECTION('center_axis',(0.,0.,1.));
#3540=DIRECTION('ref_axis',(1.,0.,0.));
#3541=DIRECTION('center_axis',(0.,0.,1.));
#3542=DIRECTION('ref_axis',(1.,0.,0.));
#3543=CARTESIAN_POINT('',(0.,0.,0.));
#3544=CARTESIAN_POINT('Origin',(1.43749712499873,-2.16283683186305,1.07));
#3545=CARTESIAN_POINT('',(2.58783598185794,-2.16283683186305,1.17));
#3546=CARTESIAN_POINT('',(-2.58783598185772,-2.16283683186305,1.17));
#3547=CARTESIAN_POINT('',(1.43749712499873,-2.16283683186305,1.17));
#3548=CARTESIAN_POINT('',(-2.6856507419311,-2.26065159193642,1.09079116908177));
#3549=CARTESIAN_POINT('Origin',(-2.58783598185772,-2.16283683186305,1.07));
#3550=CARTESIAN_POINT('',(2.68565074193132,-2.26065159193644,1.09079116908178));
#3551=CARTESIAN_POINT('',(1.43749712499873,-2.26065159193644,1.09079116908178));
#3552=CARTESIAN_POINT('Origin',(2.58783598185794,-2.16283683186305,1.07));
#3553=CARTESIAN_POINT('Origin',(-2.58783598185772,-1.22499755000214,1.07));
#3554=CARTESIAN_POINT('',(-2.6856507419311,2.26065159193286,1.09079116908178));
#3555=CARTESIAN_POINT('',(-2.6856507419311,-1.22499755000214,1.09079116908178));
#3556=CARTESIAN_POINT('',(-2.58783598185772,2.16283683185947,1.17));
#3557=CARTESIAN_POINT('',(-2.58783598185772,-1.22499755000214,1.17));
#3558=CARTESIAN_POINT('Origin',(-2.58783598185772,2.16283683185947,1.07));
#3559=CARTESIAN_POINT('Origin',(-1.43749712499853,2.16283683185947,1.07));
#3560=CARTESIAN_POINT('',(2.68565074193122,2.26065159193286,1.09079116908178));
#3561=CARTESIAN_POINT('',(-1.43749712499853,2.26065159193286,1.09079116908178));
#3562=CARTESIAN_POINT('',(2.58783598185785,2.16283683185947,1.17));
#3563=CARTESIAN_POINT('',(-1.43749712499853,2.16283683185947,1.17));
#3564=CARTESIAN_POINT('Origin',(2.58783598185785,2.16283683185947,1.07));
#3565=CARTESIAN_POINT('Origin',(2.58783598185787,1.22499754999856,1.07));
#3566=CARTESIAN_POINT('',(2.68565074193124,1.22499754999856,1.09079116908178));
#3567=CARTESIAN_POINT('',(2.58783598185787,1.22499754999856,1.17));
#3568=CARTESIAN_POINT('Origin',(2.87499424999726,2.44999509999889,0.2));
#3569=CARTESIAN_POINT('',(2.87499424999737,-2.44999510000247,0.2));
#3570=CARTESIAN_POINT('',(2.77347600416532,-2.34847685417043,0.67760579600288));
#3571=CARTESIAN_POINT('',(2.87499424999726,2.44999509999889,0.2));
#3572=CARTESIAN_POINT('',(2.87499424999737,-2.44999510000247,0.2));
#3573=CARTESIAN_POINT('',(2.75586569621491,2.33086654621654,0.760455781023087));
#3574=CARTESIAN_POINT('Origin',(2.87499424999737,-2.44999510000247,0.2));
#3575=CARTESIAN_POINT('',(-2.87499424999714,-2.44999510000247,0.2));
#3576=CARTESIAN_POINT('',(-2.75586569621478,-2.33086654622011,0.760455781023106));
#3577=CARTESIAN_POINT('',(-2.87499424999714,-2.44999510000247,0.2));
#3578=CARTESIAN_POINT('Origin',(8.17124146124115E-14,-1.81898940354586E-12,
1.17));
#3579=CARTESIAN_POINT('',(-2.42291263267395,1.78444532958039,1.17));
#3580=CARTESIAN_POINT('Origin',(-2.42291263267395,1.91425661515007,1.17));
#3581=CARTESIAN_POINT('Origin',(-2.42291263267395,1.91425661515007,1.17));
#3582=CARTESIAN_POINT('',(-2.42291263267395,1.78444532958039,1.15));
#3583=CARTESIAN_POINT('Origin',(-2.42291263267395,1.91425661515007,1.15));
#3584=CARTESIAN_POINT('Origin',(-2.42291263267395,1.91425661515008,1.15));
#3585=CARTESIAN_POINT('Origin',(-2.87499424999714,-2.44999510000247,0.2));
#3586=CARTESIAN_POINT('',(-2.87499424999714,2.44999509999889,0.2));
#3587=CARTESIAN_POINT('',(-2.7734760041651,2.34847685416685,0.67760579600287));
#3588=CARTESIAN_POINT('',(-2.87499424999714,2.44999509999889,0.2));
#3589=CARTESIAN_POINT('Origin',(-2.87499424999714,2.44999509999889,0.2));
#3590=CARTESIAN_POINT('',(2.87499424999726,2.44999509999889,0.2));
#3591=CARTESIAN_POINT('Origin',(8.17124146124115E-14,-1.81898940354586E-12,
0.2));
#3592=CARTESIAN_POINT('Origin',(2.87499424999726,2.44999509999889,0.2));
#3593=CARTESIAN_POINT('',(2.85166518342571,2.42666603342734,0.00999999999999995));
#3594=CARTESIAN_POINT('',(-2.85166518342559,2.42666603342734,0.00999999999999995));
#3595=CARTESIAN_POINT('',(2.87499424999726,2.42666603342734,0.00999999999999995));
#3596=CARTESIAN_POINT('',(-2.87499424999714,2.44999509999889,0.2));
#3597=CARTESIAN_POINT('',(-2.83291934417839,2.40792019418014,-0.142672608912315));
#3598=CARTESIAN_POINT('',(2.87499424999726,2.44999509999889,0.2));
#3599=CARTESIAN_POINT('',(2.87499424999726,2.44999509999889,0.2));
#3600=CARTESIAN_POINT('',(2.83913911286472,2.41413996286636,-0.0920166580299393));
#3601=CARTESIAN_POINT('Origin',(-2.87499424999714,2.44999509999889,0.2));
#3602=CARTESIAN_POINT('',(-2.85166518342559,-2.42666603343092,0.00999999999999995));
#3603=CARTESIAN_POINT('',(-2.85166518342559,2.44999509999889,0.00999999999999995));
#3604=CARTESIAN_POINT('',(-2.87499424999714,-2.44999510000247,0.2));
#3605=CARTESIAN_POINT('',(-2.8391391128646,-2.41413996286994,-0.0920166580299457));
#3606=CARTESIAN_POINT('',(-2.87499424999714,2.44999509999889,0.2));
#3607=CARTESIAN_POINT('Origin',(-2.87499424999714,-2.44999510000247,0.2));
#3608=CARTESIAN_POINT('',(2.85166518342582,-2.42666603343092,0.00999999999999995));
#3609=CARTESIAN_POINT('',(-2.87499424999714,-2.42666603343092,0.00999999999999995));
#3610=CARTESIAN_POINT('',(2.87499424999737,-2.44999510000247,0.2));
#3611=CARTESIAN_POINT('',(2.83291934417862,-2.40792019418372,-0.142672608912323));
#3612=CARTESIAN_POINT('',(-2.87499424999714,-2.44999510000247,0.2));
#3613=CARTESIAN_POINT('Origin',(2.87499424999737,-2.44999510000247,0.2));
#3614=CARTESIAN_POINT('',(2.85166518342582,-2.44999510000247,0.00999999999999995));
#3615=CARTESIAN_POINT('',(2.87499424999737,-2.44999510000247,0.2));
#3616=CARTESIAN_POINT('Origin',(8.17124146124115E-14,-1.81898940354586E-12,
0.00999999999999995));
#3617=CARTESIAN_POINT('Origin',(8.17124146124115E-14,-1.81898940354586E-12,
0.2));
#3618=CARTESIAN_POINT('Origin',(3.02499399999999,-2.1049957899985,0.2));
#3619=CARTESIAN_POINT('',(2.59999480000056,-2.1049957899985,0.2));
#3620=CARTESIAN_POINT('',(3.02499399999999,-2.1049957899985,0.2));
#3621=CARTESIAN_POINT('',(2.59999480000056,-2.1049957899985,0.2));
#3622=CARTESIAN_POINT('',(2.59999480000056,-2.1049957899985,-5.55111512312578E-17));
#3623=CARTESIAN_POINT('',(2.59999480000056,-2.1049957899985,0.2));
#3624=CARTESIAN_POINT('',(3.02499399999999,-2.1049957899985,-5.55111512312578E-17));
#3625=CARTESIAN_POINT('',(2.59999480000056,-2.1049957899985,-5.55111512312578E-17));
#3626=CARTESIAN_POINT('',(3.02499399999999,-2.1049957899985,0.2));
#3627=CARTESIAN_POINT('Origin',(3.02499424999712,-1.70499658999773,0.2));
#3628=CARTESIAN_POINT('',(3.02499424999712,-1.70499658999773,0.2));
#3629=CARTESIAN_POINT('',(3.02499399999999,-2.1049957899985,0.2));
#3630=CARTESIAN_POINT('',(3.02499424999712,-1.70499658999773,-5.55111512312578E-17));
#3631=CARTESIAN_POINT('',(3.02499399999999,-2.1049957899985,-5.55111512312578E-17));
#3632=CARTESIAN_POINT('',(3.02499424999712,-1.70499658999773,0.2));
#3633=CARTESIAN_POINT('Origin',(2.59999480000079,-1.70499658999773,0.2));
#3634=CARTESIAN_POINT('',(2.59999480000079,-1.70499658999773,0.2));
#3635=CARTESIAN_POINT('',(3.02499424999712,-1.70499658999773,0.2));
#3636=CARTESIAN_POINT('',(2.59999480000079,-1.70499658999773,-5.55111512312578E-17));
#3637=CARTESIAN_POINT('',(3.02499424999712,-1.70499658999773,-5.55111512312578E-17));
#3638=CARTESIAN_POINT('',(2.59999480000079,-1.70499658999773,0.2));
#3639=CARTESIAN_POINT('Origin',(2.59999480000079,-0.834998329995926,0.2));
#3640=CARTESIAN_POINT('',(2.59999480000079,-0.834998329995926,0.2));
#3641=CARTESIAN_POINT('',(2.59999480000079,-1.70499658999773,0.2));
#3642=CARTESIAN_POINT('',(2.59999480000079,-0.834998329995926,-5.55111512312578E-17));
#3643=CARTESIAN_POINT('',(2.59999480000079,-1.70499658999773,-5.55111512312578E-17));
#3644=CARTESIAN_POINT('',(2.59999480000079,-0.834998329995926,0.2));
#3645=CARTESIAN_POINT('Origin',(3.02499424999712,-0.834998329995926,0.2));
#3646=CARTESIAN_POINT('',(3.02499424999712,-0.834998329995926,0.2));
#3647=CARTESIAN_POINT('',(2.59999480000079,-0.834998329995926,0.2));
#3648=CARTESIAN_POINT('',(3.02499424999712,-0.834998329995926,-5.55111512312578E-17));
#3649=CARTESIAN_POINT('',(2.59999480000079,-0.834998329995926,-5.55111512312578E-17));
#3650=CARTESIAN_POINT('',(3.02499424999712,-0.834998329995926,0.2));
#3651=CARTESIAN_POINT('Origin',(3.02499424999712,-0.43499913000079,0.2));
#3652=CARTESIAN_POINT('',(3.02499424999712,-0.43499913000079,0.2));
#3653=CARTESIAN_POINT('',(3.02499424999712,-0.834998329995926,0.2));
#3654=CARTESIAN_POINT('',(3.02499424999712,-0.43499913000079,-5.55111512312578E-17));
#3655=CARTESIAN_POINT('',(3.02499424999712,-0.834998329995926,-5.55111512312578E-17));
#3656=CARTESIAN_POINT('',(3.02499424999712,-0.43499913000079,0.2));
#3657=CARTESIAN_POINT('Origin',(2.59999480000079,-0.434999130000904,0.2));
#3658=CARTESIAN_POINT('',(2.59999480000079,-0.434999130000904,0.2));
#3659=CARTESIAN_POINT('',(3.02499424999712,-0.43499913000079,0.2));
#3660=CARTESIAN_POINT('',(2.59999480000079,-0.434999130000904,-5.55111512312578E-17));
#3661=CARTESIAN_POINT('',(3.02499424999712,-0.43499913000079,-5.55111512312578E-17));
#3662=CARTESIAN_POINT('',(2.59999480000079,-0.434999130000904,0.2));
#3663=CARTESIAN_POINT('Origin',(2.59999480000079,0.434999130000904,0.2));
#3664=CARTESIAN_POINT('',(2.59999480000079,0.434999130000904,0.2));
#3665=CARTESIAN_POINT('',(2.59999480000079,-0.434999130000904,0.2));
#3666=CARTESIAN_POINT('',(2.59999480000079,0.434999130000904,-5.55111512312578E-17));
#3667=CARTESIAN_POINT('',(2.59999480000079,-0.434999130000904,-5.55111512312578E-17));
#3668=CARTESIAN_POINT('',(2.59999480000079,0.434999130000904,0.2));
#3669=CARTESIAN_POINT('Origin',(3.02499424999712,0.434999130000904,0.2));
#3670=CARTESIAN_POINT('',(3.02499424999712,0.434999130000904,0.2));
#3671=CARTESIAN_POINT('',(2.59999480000079,0.434999130000904,0.2));
#3672=CARTESIAN_POINT('',(3.02499424999712,0.434999130000904,-5.55111512312578E-17));
#3673=CARTESIAN_POINT('',(2.59999480000079,0.434999130000904,-5.55111512312578E-17));
#3674=CARTESIAN_POINT('',(3.02499424999712,0.434999130000904,0.2));
#3675=CARTESIAN_POINT('Origin',(3.02499424999712,0.834998330001611,0.2));
#3676=CARTESIAN_POINT('',(3.02499424999712,0.834998330001611,0.2));
#3677=CARTESIAN_POINT('',(3.02499424999712,0.434999130000904,0.2));
#3678=CARTESIAN_POINT('',(3.02499424999712,0.834998330001611,-5.55111512312578E-17));
#3679=CARTESIAN_POINT('',(3.02499424999712,0.434999130000904,-5.55111512312578E-17));
#3680=CARTESIAN_POINT('',(3.02499424999712,0.834998330001611,0.2));
#3681=CARTESIAN_POINT('Origin',(2.59999266877526,0.834998330001667,0.2));
#3682=CARTESIAN_POINT('',(2.59999266877526,0.834998330001667,0.2));
#3683=CARTESIAN_POINT('',(3.02499424999712,0.834998330001611,0.2));
#3684=CARTESIAN_POINT('',(2.59999266877526,0.834998330001667,-5.55111512312578E-17));
#3685=CARTESIAN_POINT('',(3.02499424999712,0.834998330001611,-5.55111512312578E-17));
#3686=CARTESIAN_POINT('',(2.59999266877526,0.834998330001667,0.2));
#3687=CARTESIAN_POINT('Origin',(2.59999266877526,1.70499659000353,0.2));
#3688=CARTESIAN_POINT('',(2.59999266877526,1.70499659000353,0.2));
#3689=CARTESIAN_POINT('',(2.59999266877526,0.834998330001667,0.2));
#3690=CARTESIAN_POINT('',(2.59999266877526,1.70499659000353,-5.55111512312578E-17));
#3691=CARTESIAN_POINT('',(2.59999266877526,0.834998330001667,-5.55111512312578E-17));
#3692=CARTESIAN_POINT('',(2.59999266877526,1.70499659000353,0.2));
#3693=CARTESIAN_POINT('Origin',(3.02499424999712,1.70499659000347,0.2));
#3694=CARTESIAN_POINT('',(3.02499424999712,1.70499659000347,0.2));
#3695=CARTESIAN_POINT('',(2.59999266877526,1.70499659000353,0.2));
#3696=CARTESIAN_POINT('',(3.02499424999712,1.70499659000347,-5.55111512312578E-17));
#3697=CARTESIAN_POINT('',(2.59999266877526,1.70499659000353,-5.55111512312578E-17));
#3698=CARTESIAN_POINT('',(3.02499424999712,1.70499659000347,0.2));
#3699=CARTESIAN_POINT('Origin',(3.02499424999712,2.10499579002078,0.2));
#3700=CARTESIAN_POINT('',(3.02499424999712,2.10499579002078,0.2));
#3701=CARTESIAN_POINT('',(3.02499424999712,1.70499659000347,0.2));
#3702=CARTESIAN_POINT('',(3.02499424999712,2.10499579002078,-5.55111512312578E-17));
#3703=CARTESIAN_POINT('',(3.02499424999712,1.70499659000347,-5.55111512312578E-17));
#3704=CARTESIAN_POINT('',(3.02499424999712,2.10499579002078,0.2));
#3705=CARTESIAN_POINT('Origin',(2.5999947999992,2.10499579002078,0.2));
#3706=CARTESIAN_POINT('',(2.5999947999992,2.10499579002078,0.2));
#3707=CARTESIAN_POINT('',(3.02499424999712,2.10499579002078,0.2));
#3708=CARTESIAN_POINT('',(2.5999947999992,2.10499579002078,-5.55111512312578E-17));
#3709=CARTESIAN_POINT('',(3.02499424999712,2.10499579002078,-5.55111512312578E-17));
#3710=CARTESIAN_POINT('',(2.5999947999992,2.10499579002078,0.2));
#3711=CARTESIAN_POINT('Origin',(2.59999480000068,2.14309578999917,0.2));
#3712=CARTESIAN_POINT('',(2.59999480000068,2.14309578999917,0.2));
#3713=CARTESIAN_POINT('',(2.5999947999992,2.10499579002078,0.2));
#3714=CARTESIAN_POINT('',(2.59999480000068,2.14309578999917,-5.55111512312578E-17));
#3715=CARTESIAN_POINT('',(2.5999947999992,2.10499579002078,-5.55111512312578E-17));
#3716=CARTESIAN_POINT('',(2.59999480000068,2.14309578999917,0.2));
#3717=CARTESIAN_POINT('Origin',(2.29999540000017,2.14309578999905,0.2));
#3718=CARTESIAN_POINT('',(2.29999540000017,2.14309578999905,0.2));
#3719=CARTESIAN_POINT('',(2.59999480000068,2.14309578999917,0.2));
#3720=CARTESIAN_POINT('',(2.29999540000017,2.14309578999905,-5.55111512312578E-17));
#3721=CARTESIAN_POINT('',(2.59999480000068,2.14309578999917,-5.55111512312578E-17));
#3722=CARTESIAN_POINT('',(2.29999540000017,2.14309578999905,0.2));
#3723=CARTESIAN_POINT('Origin',(2.29999540000017,1.99323578999912,0.2));
#3724=CARTESIAN_POINT('',(2.29999540000017,1.99323578999912,0.2));
#3725=CARTESIAN_POINT('',(2.29999540000017,2.14309578999905,0.2));
#3726=CARTESIAN_POINT('',(2.29999540000017,1.99323578999912,-5.55111512312578E-17));
#3727=CARTESIAN_POINT('',(2.29999540000017,2.14309578999905,-5.55111512312578E-17));
#3728=CARTESIAN_POINT('',(2.29999540000017,1.99323578999912,0.2));
#3729=CARTESIAN_POINT('Origin',(-0.499998999998066,1.99323578999912,0.2));
#3730=CARTESIAN_POINT('',(-0.499998999998066,1.99323578999912,0.2));
#3731=CARTESIAN_POINT('',(2.29999540000017,1.99323578999912,0.2));
#3732=CARTESIAN_POINT('',(-0.499998999998066,1.99323578999912,-5.55111512312578E-17));
#3733=CARTESIAN_POINT('',(2.29999540000017,1.99323578999912,-5.55111512312578E-17));
#3734=CARTESIAN_POINT('',(-0.499998999998066,1.99323578999912,0.2));
#3735=CARTESIAN_POINT('Origin',(-0.499998999997839,2.57699509999821,0.2));
#3736=CARTESIAN_POINT('',(-0.499998999997839,2.57699509999821,0.2));
#3737=CARTESIAN_POINT('',(-0.499998999998066,1.99323578999912,0.2));
#3738=CARTESIAN_POINT('',(-0.499998999997839,2.57699509999821,-5.55111512312578E-17));
#3739=CARTESIAN_POINT('',(-0.499998999998066,1.99323578999912,-5.55111512312578E-17));
#3740=CARTESIAN_POINT('',(-0.499998999997839,2.57699509999821,0.2));
#3741=CARTESIAN_POINT('Origin',(-0.750062000000408,2.57699509999833,0.2));
#3742=CARTESIAN_POINT('',(-0.750062000000408,2.57699509999833,0.2));
#3743=CARTESIAN_POINT('',(-0.499998999997839,2.57699509999821,0.2));
#3744=CARTESIAN_POINT('',(-0.750062000000408,2.57699509999833,-5.55111512312578E-17));
#3745=CARTESIAN_POINT('',(-0.499998999997839,2.57699509999821,-5.55111512312578E-17));
#3746=CARTESIAN_POINT('',(-0.750062000000408,2.57699509999833,0.2));
#3747=CARTESIAN_POINT('Origin',(-0.750061999999044,2.14309579000428,0.2));
#3748=CARTESIAN_POINT('',(-0.750061999999044,2.14309579000428,0.2));
#3749=CARTESIAN_POINT('',(-0.750062000000408,2.57699509999833,0.2));
#3750=CARTESIAN_POINT('',(-0.750061999999044,2.14309579000428,-5.55111512312578E-17));
#3751=CARTESIAN_POINT('',(-0.750062000000408,2.57699509999833,-5.55111512312578E-17));
#3752=CARTESIAN_POINT('',(-0.750061999999044,2.14309579000428,0.2));
#3753=CARTESIAN_POINT('Origin',(-0.725498300000933,2.14309579000428,0.2));
#3754=CARTESIAN_POINT('',(-0.725498300000933,2.14309579000428,0.2));
#3755=CARTESIAN_POINT('',(-0.750061999999044,2.14309579000428,0.2));
#3756=CARTESIAN_POINT('',(-0.725498300000933,2.14309579000428,-5.55111512312578E-17));
#3757=CARTESIAN_POINT('',(-0.750061999999044,2.14309579000428,-5.55111512312578E-17));
#3758=CARTESIAN_POINT('',(-0.725498300000933,2.14309579000428,0.2));
#3759=CARTESIAN_POINT('Origin',(-0.725498300000936,-2.14309578999848,0.2));
#3760=CARTESIAN_POINT('',(-0.725498300000936,-2.14309578999848,0.2));
#3761=CARTESIAN_POINT('',(-0.725498300000933,2.14309579000428,0.2));
#3762=CARTESIAN_POINT('',(-0.725498300000936,-2.14309578999848,-5.55111512312578E-17));
#3763=CARTESIAN_POINT('',(-0.725498300000933,2.14309579000428,-5.55111512312578E-17));
#3764=CARTESIAN_POINT('',(-0.725498300000936,-2.14309578999848,0.2));
#3765=CARTESIAN_POINT('Origin',(-0.750062000000526,-2.14309578999848,0.2));
#3766=CARTESIAN_POINT('',(-0.750062000000526,-2.14309578999848,0.2));
#3767=CARTESIAN_POINT('',(-0.725498300000936,-2.14309578999848,0.2));
#3768=CARTESIAN_POINT('',(-0.750062000000526,-2.14309578999848,-5.55111512312578E-17));
#3769=CARTESIAN_POINT('',(-0.725498300000936,-2.14309578999848,-5.55111512312578E-17));
#3770=CARTESIAN_POINT('',(-0.750062000000526,-2.14309578999848,0.2));
#3771=CARTESIAN_POINT('Origin',(-0.750062000000526,-2.57699509999833,0.2));
#3772=CARTESIAN_POINT('',(-0.750062000000526,-2.57699509999833,0.2));
#3773=CARTESIAN_POINT('',(-0.750062000000526,-2.14309578999848,0.2));
#3774=CARTESIAN_POINT('',(-0.750062000000526,-2.57699509999833,-5.55111512312578E-17));
#3775=CARTESIAN_POINT('',(-0.750062000000526,-2.14309578999848,-5.55111512312578E-17));
#3776=CARTESIAN_POINT('',(-0.750062000000526,-2.57699509999833,0.2));
#3777=CARTESIAN_POINT('Origin',(-0.499998999999548,-2.57699509999827,0.2));
#3778=CARTESIAN_POINT('',(-0.499998999999548,-2.57699509999827,0.2));
#3779=CARTESIAN_POINT('',(-0.750062000000526,-2.57699509999833,0.2));
#3780=CARTESIAN_POINT('',(-0.499998999999548,-2.57699509999827,-5.55111512312578E-17));
#3781=CARTESIAN_POINT('',(-0.750062000000526,-2.57699509999833,-5.55111512312578E-17));
#3782=CARTESIAN_POINT('',(-0.499998999999548,-2.57699509999827,0.2));
#3783=CARTESIAN_POINT('Origin',(-0.49999899999807,-1.99323578999338,0.2));
#3784=CARTESIAN_POINT('',(-0.49999899999807,-1.99323578999338,0.2));
#3785=CARTESIAN_POINT('',(-0.499998999999548,-2.57699509999827,0.2));
#3786=CARTESIAN_POINT('',(-0.49999899999807,-1.99323578999338,-5.55111512312578E-17));
#3787=CARTESIAN_POINT('',(-0.499998999999548,-2.57699509999827,-5.55111512312578E-17));
#3788=CARTESIAN_POINT('',(-0.49999899999807,-1.99323578999338,0.2));
#3789=CARTESIAN_POINT('Origin',(2.29999540000017,-1.99323578999338,0.2));
#3790=CARTESIAN_POINT('',(2.29999540000017,-1.99323578999338,0.2));
#3791=CARTESIAN_POINT('',(-0.49999899999807,-1.99323578999338,0.2));
#3792=CARTESIAN_POINT('',(2.29999540000017,-1.99323578999338,-5.55111512312578E-17));
#3793=CARTESIAN_POINT('',(-0.49999899999807,-1.99323578999338,-5.55111512312578E-17));
#3794=CARTESIAN_POINT('',(2.29999540000017,-1.99323578999338,0.2));
#3795=CARTESIAN_POINT('Origin',(2.29999540000017,-2.14309578999763,0.2));
#3796=CARTESIAN_POINT('',(2.29999540000017,-2.14309578999763,0.2));
#3797=CARTESIAN_POINT('',(2.29999540000017,-1.99323578999338,0.2));
#3798=CARTESIAN_POINT('',(2.29999540000017,-2.14309578999763,-5.55111512312578E-17));
#3799=CARTESIAN_POINT('',(2.29999540000017,-1.99323578999338,-5.55111512312578E-17));
#3800=CARTESIAN_POINT('',(2.29999540000017,-2.14309578999763,0.2));
#3801=CARTESIAN_POINT('Origin',(2.59999480000079,-2.14309578999769,0.2));
#3802=CARTESIAN_POINT('',(2.59999480000079,-2.14309578999769,0.2));
#3803=CARTESIAN_POINT('',(2.29999540000017,-2.14309578999763,0.2));
#3804=CARTESIAN_POINT('',(2.59999480000079,-2.14309578999769,-5.55111512312578E-17));
#3805=CARTESIAN_POINT('',(2.29999540000017,-2.14309578999763,-5.55111512312578E-17));
#3806=CARTESIAN_POINT('',(2.59999480000079,-2.14309578999769,0.2));
#3807=CARTESIAN_POINT('Origin',(2.59999480000056,-2.1049957899985,0.2));
#3808=CARTESIAN_POINT('',(2.59999480000079,-2.14309578999769,0.2));
#3809=CARTESIAN_POINT('',(2.59999480000079,-2.14309578999769,-5.55111512312578E-17));
#3810=CARTESIAN_POINT('Origin',(1.13468867351622,2.8207524849222E-7,0.2));
#3811=CARTESIAN_POINT('Origin',(1.13468867351622,2.8207524849222E-7,-5.55111512312578E-17));
#3812=CARTESIAN_POINT('Origin',(-3.02499424999712,2.1049957900043,0.199999999999992));
#3813=CARTESIAN_POINT('',(-2.23999479999929,2.10499579000435,0.199999999999992));
#3814=CARTESIAN_POINT('',(-3.02499424999712,2.1049957900043,0.199999999999992));
#3815=CARTESIAN_POINT('',(-2.23999479999929,2.10499579000435,0.199999999999992));
#3816=CARTESIAN_POINT('',(-2.23999479999929,2.10499579000435,-8.1601392309949E-15));
#3817=CARTESIAN_POINT('',(-2.23999479999929,2.10499579000435,0.199999999999992));
#3818=CARTESIAN_POINT('',(-3.02499424999712,2.1049957900043,-8.1601392309949E-15));
#3819=CARTESIAN_POINT('',(-2.23999479999929,2.10499579000435,-8.1601392309949E-15));
#3820=CARTESIAN_POINT('',(-3.02499424999712,2.1049957900043,0.199999999999992));
#3821=CARTESIAN_POINT('Origin',(-3.02499424999712,1.70499659000353,0.199999999999992));
#3822=CARTESIAN_POINT('',(-3.02499424999712,1.70499659000353,0.199999999999992));
#3823=CARTESIAN_POINT('',(-3.02499424999712,2.1049957900043,0.199999999999992));
#3824=CARTESIAN_POINT('',(-3.02499424999712,1.70499659000353,-8.21565038222616E-15));
#3825=CARTESIAN_POINT('',(-3.02499424999712,2.1049957900043,-8.1601392309949E-15));
#3826=CARTESIAN_POINT('',(-3.02499424999712,1.70499659000353,0.199999999999992));
#3827=CARTESIAN_POINT('Origin',(-2.23999479999929,1.70499659000353,0.199999999999992));
#3828=CARTESIAN_POINT('',(-2.23999479999929,1.70499659000353,0.199999999999992));
#3829=CARTESIAN_POINT('',(-3.02499424999712,1.70499659000353,0.199999999999992));
#3830=CARTESIAN_POINT('',(-2.23999479999929,1.70499659000353,-8.21565038222616E-15));
#3831=CARTESIAN_POINT('',(-3.02499424999712,1.70499659000353,-8.21565038222616E-15));
#3832=CARTESIAN_POINT('',(-2.23999479999929,1.70499659000353,0.199999999999992));
#3833=CARTESIAN_POINT('Origin',(-2.23999479999929,2.10499579000435,0.199999999999992));
#3834=CARTESIAN_POINT('',(-2.23999479999929,1.70499659000353,0.199999999999992));
#3835=CARTESIAN_POINT('',(-2.23999479999929,1.70499659000353,-8.21565038222616E-15));
#3836=CARTESIAN_POINT('Origin',(-2.6324945249982,1.90499619000393,0.199999999999992));
#3837=CARTESIAN_POINT('Origin',(-2.6324945249982,1.90499619000393,-8.21565038222616E-15));
#3838=CARTESIAN_POINT('Origin',(-3.02499424999712,0.834998330001611,0.199999999999992));
#3839=CARTESIAN_POINT('',(-2.23999479999918,0.834998330001667,0.199999999999992));
#3840=CARTESIAN_POINT('',(-3.02499424999712,0.834998330001611,0.199999999999992));
#3841=CARTESIAN_POINT('',(-2.23999479999918,0.834998330001667,0.199999999999992));
#3842=CARTESIAN_POINT('',(-2.23999479999918,0.834998330001667,-8.32667268468867E-15));
#3843=CARTESIAN_POINT('',(-2.23999479999918,0.834998330001667,0.199999999999992));
#3844=CARTESIAN_POINT('',(-3.02499424999712,0.834998330001611,-8.32667268468867E-15));
#3845=CARTESIAN_POINT('',(-2.23999479999918,0.834998330001667,-8.32667268468867E-15));
#3846=CARTESIAN_POINT('',(-3.02499424999712,0.834998330001611,0.199999999999992));
#3847=CARTESIAN_POINT('Origin',(-3.02499424999712,0.434999130000904,0.199999999999992));
#3848=CARTESIAN_POINT('',(-3.02499424999712,0.434999130000904,0.199999999999992));
#3849=CARTESIAN_POINT('',(-3.02499424999712,0.834998330001611,0.199999999999992));
#3850=CARTESIAN_POINT('',(-3.02499424999712,0.434999130000904,-8.38218383591993E-15));
#3851=CARTESIAN_POINT('',(-3.02499424999712,0.834998330001611,-8.32667268468867E-15));
#3852=CARTESIAN_POINT('',(-3.02499424999712,0.434999130000904,0.199999999999992));
#3853=CARTESIAN_POINT('Origin',(-2.23999479999907,0.434999130006531,0.199999999999992));
#3854=CARTESIAN_POINT('',(-2.23999479999907,0.434999130006531,0.199999999999992));
#3855=CARTESIAN_POINT('',(-3.02499424999712,0.434999130000904,0.199999999999992));
#3856=CARTESIAN_POINT('',(-2.23999479999907,0.434999130006531,-8.38218383591993E-15));
#3857=CARTESIAN_POINT('',(-3.02499424999712,0.434999130000904,-8.38218383591993E-15));
#3858=CARTESIAN_POINT('',(-2.23999479999907,0.434999130006531,0.199999999999992));
#3859=CARTESIAN_POINT('Origin',(-2.23999479999918,0.834998330001667,0.199999999999992));
#3860=CARTESIAN_POINT('',(-2.23999479999907,0.434999130006531,0.199999999999992));
#3861=CARTESIAN_POINT('',(-2.23999479999907,0.434999130006531,-8.38218383591993E-15));
#3862=CARTESIAN_POINT('Origin',(-2.63249452499905,0.634998730002664,0.199999999999992));
#3863=CARTESIAN_POINT('Origin',(-2.63249452499905,0.634998730002664,-8.38218383591993E-15));
#3864=CARTESIAN_POINT('Origin',(-3.02499424999724,-0.434999129995106,0.199999999999992));
#3865=CARTESIAN_POINT('',(-2.23999479999918,-0.434999129995276,0.199999999999992));
#3866=CARTESIAN_POINT('',(-3.02499424999724,-0.434999129995106,0.199999999999992));
#3867=CARTESIAN_POINT('',(-2.23999479999918,-0.434999129995276,0.199999999999992));
#3868=CARTESIAN_POINT('',(-2.23999479999918,-0.434999129995276,-8.46545056276682E-15));
#3869=CARTESIAN_POINT('',(-2.23999479999918,-0.434999129995276,0.199999999999992));
#3870=CARTESIAN_POINT('',(-3.02499424999724,-0.434999129995106,-8.46545056276682E-15));
#3871=CARTESIAN_POINT('',(-2.23999479999918,-0.434999129995276,-8.46545056276682E-15));
#3872=CARTESIAN_POINT('',(-3.02499424999724,-0.434999129995106,0.199999999999992));
#3873=CARTESIAN_POINT('Origin',(-3.02499424999712,-0.834998329995926,0.199999999999992));
#3874=CARTESIAN_POINT('',(-3.02499424999712,-0.834998329995926,0.199999999999992));
#3875=CARTESIAN_POINT('',(-3.02499424999724,-0.434999129995106,0.199999999999992));
#3876=CARTESIAN_POINT('',(-3.02499424999712,-0.834998329995926,-8.52096171399808E-15));
#3877=CARTESIAN_POINT('',(-3.02499424999724,-0.434999129995106,-8.46545056276682E-15));
#3878=CARTESIAN_POINT('',(-3.02499424999712,-0.834998329995926,0.199999999999992));
#3879=CARTESIAN_POINT('Origin',(-2.23999479999918,-0.834998329995983,0.199999999999992));
#3880=CARTESIAN_POINT('',(-2.23999479999918,-0.834998329995983,0.199999999999992));
#3881=CARTESIAN_POINT('',(-3.02499424999712,-0.834998329995926,0.199999999999992));
#3882=CARTESIAN_POINT('',(-2.23999479999918,-0.834998329995983,-8.52096171399808E-15));
#3883=CARTESIAN_POINT('',(-3.02499424999712,-0.834998329995926,-8.52096171399808E-15));
#3884=CARTESIAN_POINT('',(-2.23999479999918,-0.834998329995983,0.199999999999992));
#3885=CARTESIAN_POINT('Origin',(-2.23999479999918,-0.434999129995276,0.199999999999992));
#3886=CARTESIAN_POINT('',(-2.23999479999918,-0.834998329995983,0.199999999999992));
#3887=CARTESIAN_POINT('',(-2.23999479999918,-0.834998329995983,-8.52096171399808E-15));
#3888=CARTESIAN_POINT('Origin',(-2.63249452499819,-0.634998729995544,0.199999999999992));
#3889=CARTESIAN_POINT('Origin',(-2.63249452499819,-0.634998729995544,-8.52096171399808E-15));
#3890=CARTESIAN_POINT('Origin',(-2.23999479999929,-2.1049957899985,0.199999999999991));
#3891=CARTESIAN_POINT('',(-3.024994,-2.10499578999838,0.199999999999991));
#3892=CARTESIAN_POINT('',(-2.23999479999929,-2.1049957899985,0.199999999999991));
#3893=CARTESIAN_POINT('',(-3.024994,-2.10499578999838,0.199999999999991));
#3894=CARTESIAN_POINT('',(-3.024994,-2.10499578999838,-8.68749516769185E-15));
#3895=CARTESIAN_POINT('',(-3.024994,-2.10499578999838,0.199999999999991));
#3896=CARTESIAN_POINT('',(-2.23999479999929,-2.1049957899985,-8.68749516769185E-15));
#3897=CARTESIAN_POINT('',(-3.024994,-2.10499578999838,-8.68749516769185E-15));
#3898=CARTESIAN_POINT('',(-2.23999479999929,-2.1049957899985,0.199999999999991));
#3899=CARTESIAN_POINT('Origin',(-2.23999479999929,-1.7049965899979,0.199999999999991));
#3900=CARTESIAN_POINT('',(-2.23999479999929,-1.7049965899979,0.199999999999991));
#3901=CARTESIAN_POINT('',(-2.23999479999929,-2.1049957899985,0.199999999999991));
#3902=CARTESIAN_POINT('',(-2.23999479999929,-1.7049965899979,-8.63198401646059E-15));
#3903=CARTESIAN_POINT('',(-2.23999479999929,-2.1049957899985,-8.68749516769185E-15));
#3904=CARTESIAN_POINT('',(-2.23999479999929,-1.7049965899979,0.199999999999991));
#3905=CARTESIAN_POINT('Origin',(-3.02499424999712,-1.70499658999773,0.199999999999991));
#3906=CARTESIAN_POINT('',(-3.02499424999712,-1.70499658999773,0.199999999999991));
#3907=CARTESIAN_POINT('',(-2.23999479999929,-1.7049965899979,0.199999999999991));
#3908=CARTESIAN_POINT('',(-3.02499424999712,-1.70499658999773,-8.63198401646059E-15));
#3909=CARTESIAN_POINT('',(-2.23999479999929,-1.7049965899979,-8.63198401646059E-15));
#3910=CARTESIAN_POINT('',(-3.02499424999712,-1.70499658999773,0.199999999999991));
#3911=CARTESIAN_POINT('Origin',(-3.024994,-2.10499578999838,0.199999999999991));
#3912=CARTESIAN_POINT('',(-3.02499424999712,-1.70499658999773,0.199999999999991));
#3913=CARTESIAN_POINT('',(-3.02499424999712,-1.70499658999773,-8.63198401646059E-15));
#3914=CARTESIAN_POINT('Origin',(-2.63249446249895,-1.90499616890133,0.199999999999991));
#3915=CARTESIAN_POINT('Origin',(-2.63249446249895,-1.90499616890133,-8.63198401646059E-15));
#3916=CARTESIAN_POINT('Origin',(-2.42291263267395,1.91425661515007,1.16));
#3917=CARTESIAN_POINT('',(-2.42291263267395,1.78444532958039,1.15));
#3918=CARTESIAN_POINT('Origin',(-2.42291263267395,1.91425661515007,1.15));
#3919=CARTESIAN_POINT('',(-2.42291263267395,1.78444532958039,1.16));
#3920=CARTESIAN_POINT('Origin',(-2.42291263267395,1.91425661515007,1.16));
#3921=CARTESIAN_POINT('Origin',(-2.42291263267395,1.91425661515008,1.16));
#3922=CARTESIAN_POINT('Origin',(-2.42291263267395,1.91425661515008,1.15));
#3923=CARTESIAN_POINT('Origin',(1.21324889004129,0.614403263739258,1.17));
#3924=CARTESIAN_POINT('',(1.21324889004129,0.614403263739258,1.17));
#3925=CARTESIAN_POINT('',(1.65386168301004,0.614403263739258,1.17));
#3926=CARTESIAN_POINT('',(1.21324889004129,0.614403263739258,1.17));
#3927=CARTESIAN_POINT('',(1.65386168301004,0.614403263739258,1.18));
#3928=CARTESIAN_POINT('',(1.65386168301004,0.614403263739258,1.17));
#3929=CARTESIAN_POINT('',(1.21324889004129,0.614403263739258,1.18));
#3930=CARTESIAN_POINT('',(1.21324889004129,0.614403263739258,1.18));
#3931=CARTESIAN_POINT('',(1.21324889004129,0.614403263739258,1.17));
#3932=CARTESIAN_POINT('Origin',(1.21324889004129,0.405249346638564,1.17));
#3933=CARTESIAN_POINT('',(1.21324889004129,0.405249346638564,1.17));
#3934=CARTESIAN_POINT('',(1.21324889004129,0.405249346638564,1.17));
#3935=CARTESIAN_POINT('',(1.21324889004129,0.405249346638564,1.18));
#3936=CARTESIAN_POINT('',(1.21324889004129,0.405249346638564,1.18));
#3937=CARTESIAN_POINT('',(1.21324889004129,0.405249346638564,1.17));
#3938=CARTESIAN_POINT('Origin',(1.08382723205518,0.405249346638564,1.17));
#3939=CARTESIAN_POINT('',(1.08382723205518,0.405249346638564,1.17));
#3940=CARTESIAN_POINT('',(1.08382723205518,0.405249346638564,1.17));
#3941=CARTESIAN_POINT('',(1.08382723205518,0.405249346638564,1.18));
#3942=CARTESIAN_POINT('',(1.08382723205518,0.405249346638564,1.18));
#3943=CARTESIAN_POINT('',(1.08382723205518,0.405249346638564,1.17));
#3944=CARTESIAN_POINT('Origin',(1.08382723205518,0.960357311048287,1.17));
#3945=CARTESIAN_POINT('',(1.08382723205518,0.960357311048287,1.17));
#3946=CARTESIAN_POINT('',(1.08382723205518,0.960357311048287,1.17));
#3947=CARTESIAN_POINT('',(1.08382723205518,0.960357311048287,1.18));
#3948=CARTESIAN_POINT('',(1.08382723205518,0.960357311048287,1.18));
#3949=CARTESIAN_POINT('',(1.08382723205518,0.960357311048287,1.17));
#3950=CARTESIAN_POINT('Origin',(1.21324889004129,0.960357311048287,1.17));
#3951=CARTESIAN_POINT('',(1.21324889004129,0.960357311048287,1.17));
#3952=CARTESIAN_POINT('',(1.21324889004129,0.960357311048287,1.17));
#3953=CARTESIAN_POINT('',(1.21324889004129,0.960357311048287,1.18));
#3954=CARTESIAN_POINT('',(1.21324889004129,0.960357311048287,1.18));
#3955=CARTESIAN_POINT('',(1.21324889004129,0.960357311048287,1.17));
#3956=CARTESIAN_POINT('Origin',(1.21324889004129,0.751332245944119,1.17));
#3957=CARTESIAN_POINT('',(1.21324889004129,0.751332245944119,1.17));
#3958=CARTESIAN_POINT('',(1.21324889004129,0.751332245944119,1.17));
#3959=CARTESIAN_POINT('',(1.21324889004129,0.751332245944119,1.18));
#3960=CARTESIAN_POINT('',(1.21324889004129,0.751332245944119,1.18));
#3961=CARTESIAN_POINT('',(1.21324889004129,0.751332245944119,1.17));
#3962=CARTESIAN_POINT('Origin',(1.65386168301004,0.751332245944119,1.17));
#3963=CARTESIAN_POINT('',(1.65386168301004,0.751332245944119,1.17));
#3964=CARTESIAN_POINT('',(1.65386168301004,0.751332245944119,1.17));
#3965=CARTESIAN_POINT('',(1.65386168301004,0.751332245944119,1.18));
#3966=CARTESIAN_POINT('',(1.65386168301004,0.751332245944119,1.18));
#3967=CARTESIAN_POINT('',(1.65386168301004,0.751332245944119,1.17));
#3968=CARTESIAN_POINT('Origin',(1.65386168301004,0.960357311048287,1.17));
#3969=CARTESIAN_POINT('',(1.65386168301004,0.960357311048287,1.17));
#3970=CARTESIAN_POINT('',(1.65386168301004,0.960357311048287,1.17));
#3971=CARTESIAN_POINT('',(1.65386168301004,0.960357311048287,1.18));
#3972=CARTESIAN_POINT('',(1.65386168301004,0.960357311048287,1.18));
#3973=CARTESIAN_POINT('',(1.65386168301004,0.960357311048287,1.17));
#3974=CARTESIAN_POINT('Origin',(1.78329690436421,0.960357311048287,1.17));
#3975=CARTESIAN_POINT('',(1.78329690436421,0.960357311048287,1.17));
#3976=CARTESIAN_POINT('',(1.78329690436421,0.960357311048287,1.17));
#3977=CARTESIAN_POINT('',(1.78329690436421,0.960357311048287,1.18));
#3978=CARTESIAN_POINT('',(1.78329690436421,0.960357311048287,1.18));
#3979=CARTESIAN_POINT('',(1.78329690436421,0.960357311048287,1.17));
#3980=CARTESIAN_POINT('Origin',(1.78329690436421,0.405249346638564,1.17));
#3981=CARTESIAN_POINT('',(1.78329690436421,0.405249346638564,1.17));
#3982=CARTESIAN_POINT('',(1.78329690436421,0.405249346638564,1.17));
#3983=CARTESIAN_POINT('',(1.78329690436421,0.405249346638564,1.18));
#3984=CARTESIAN_POINT('',(1.78329690436421,0.405249346638564,1.18));
#3985=CARTESIAN_POINT('',(1.78329690436421,0.405249346638564,1.17));
#3986=CARTESIAN_POINT('Origin',(1.65386168301004,0.405249346638564,1.17));
#3987=CARTESIAN_POINT('',(1.65386168301004,0.405249346638564,1.17));
#3988=CARTESIAN_POINT('',(1.65386168301004,0.405249346638564,1.17));
#3989=CARTESIAN_POINT('',(1.65386168301004,0.405249346638564,1.18));
#3990=CARTESIAN_POINT('',(1.65386168301004,0.405249346638564,1.18));
#3991=CARTESIAN_POINT('',(1.65386168301004,0.405249346638564,1.17));
#3992=CARTESIAN_POINT('Origin',(1.65386168301004,0.614403263739258,1.17));
#3993=CARTESIAN_POINT('',(1.65386168301004,0.614403263739258,1.17));
#3994=CARTESIAN_POINT('',(1.65386168301004,0.614403263739258,1.18));
#3995=CARTESIAN_POINT('Origin',(1.43356037282993,0.682815025184927,1.18));
#3996=CARTESIAN_POINT('Origin',(1.43356037282993,0.682815025184927,1.17));
#3997=CARTESIAN_POINT('Origin',(1.06766961072469,0.0740454620899529,1.17));
#3998=CARTESIAN_POINT('',(1.06766961072469,0.0740454620899529,1.17));
#3999=CARTESIAN_POINT('',(1.27010652893018,0.0740454620899529,1.17));
#4000=CARTESIAN_POINT('',(1.06766961072469,0.0740454620899529,1.17));
#4001=CARTESIAN_POINT('',(1.27010652893018,0.0740454620899529,1.18));
#4002=CARTESIAN_POINT('',(1.27010652893018,0.0740454620899529,1.17));
#4003=CARTESIAN_POINT('',(1.06766961072469,0.0740454620899529,1.18));
#4004=CARTESIAN_POINT('',(1.06766961072469,0.0740454620899529,1.18));
#4005=CARTESIAN_POINT('',(1.06766961072469,0.0740454620899529,1.17));
#4006=CARTESIAN_POINT('Origin',(1.4277527962913,0.0567148685569673,1.17));
#4007=CARTESIAN_POINT('',(1.27010652893018,0.380918360806988,1.17));
#4008=CARTESIAN_POINT('Origin',(1.4277527962913,0.0567148685569673,1.17));
#4009=CARTESIAN_POINT('',(1.27010652893018,0.380918360806988,1.18));
#4010=CARTESIAN_POINT('Origin',(1.4277527962913,0.0567148685569673,1.18));
#4011=CARTESIAN_POINT('',(1.27010652893018,0.380918360806988,1.17));
#4012=CARTESIAN_POINT('Origin',(1.27010652893018,0.0740454620899529,1.17));
#4013=CARTESIAN_POINT('',(1.27010652893018,0.0740454620899529,1.17));
#4014=CARTESIAN_POINT('',(1.27010652893018,0.0740454620899529,1.18));
#4015=CARTESIAN_POINT('Origin',(1.19767207795736,0.19525772569139,1.18));
#4016=CARTESIAN_POINT('Origin',(1.19767207795736,0.19525772569139,1.17));
#4017=CARTESIAN_POINT('Origin',(1.30599520080518,0.0740454620899547,1.17));
#4018=CARTESIAN_POINT('',(1.30599520080518,0.0740454620899547,1.17));
#4019=CARTESIAN_POINT('',(1.61536206278435,0.362816349676758,1.17));
#4020=CARTESIAN_POINT('',(1.30599520080518,0.0740454620899547,1.17));
#4021=CARTESIAN_POINT('',(1.61536206278435,0.362816349676758,1.18));
#4022=CARTESIAN_POINT('',(1.61536206278435,0.362816349676758,1.17));
#4023=CARTESIAN_POINT('',(1.30599520080518,0.0740454620899547,1.18));
#4024=CARTESIAN_POINT('',(1.30599520080518,0.0740454620899547,1.18));
#4025=CARTESIAN_POINT('',(1.30599520080518,0.0740454620899547,1.17));
#4026=CARTESIAN_POINT('Origin',(1.30474737094407,0.0740454620899547,1.17));
#4027=CARTESIAN_POINT('',(1.30474737094407,0.0740454620899547,1.17));
#4028=CARTESIAN_POINT('',(1.30474737094407,0.0740454620899547,1.17));
#4029=CARTESIAN_POINT('',(1.30474737094407,0.0740454620899547,1.18));
#4030=CARTESIAN_POINT('',(1.30474737094407,0.0740454620899547,1.18));
#4031=CARTESIAN_POINT('',(1.30474737094407,0.0740454620899547,1.17));
#4032=CARTESIAN_POINT('Origin',(1.30474737094407,0.39558049876332,1.17));
#4033=CARTESIAN_POINT('',(1.30474737094407,0.39558049876332,1.17));
#4034=CARTESIAN_POINT('',(1.30474737094407,0.39558049876332,1.17));
#4035=CARTESIAN_POINT('',(1.30474737094407,0.39558049876332,1.18));
#4036=CARTESIAN_POINT('',(1.30474737094407,0.39558049876332,1.18));
#4037=CARTESIAN_POINT('',(1.30474737094407,0.39558049876332,1.17));
#4038=CARTESIAN_POINT('Origin',(1.42775279629129,0.0567148685569664,1.17));
#4039=CARTESIAN_POINT('',(1.7878359818579,0.0740454620899529,1.17));
#4040=CARTESIAN_POINT('Origin',(1.42775279629129,0.0567148685569664,1.17));
#4041=CARTESIAN_POINT('',(1.7878359818579,0.0740454620899529,1.18));
#4042=CARTESIAN_POINT('Origin',(1.42775279629129,0.0567148685569664,1.18));
#4043=CARTESIAN_POINT('',(1.7878359818579,0.0740454620899529,1.17));
#4044=CARTESIAN_POINT('Origin',(1.61536206278435,0.0740454620899529,1.17));
#4045=CARTESIAN_POINT('',(1.61536206278435,0.0740454620899529,1.17));
#4046=CARTESIAN_POINT('',(1.61536206278435,0.0740454620899529,1.17));
#4047=CARTESIAN_POINT('',(1.61536206278435,0.0740454620899529,1.18));
#4048=CARTESIAN_POINT('',(1.61536206278435,0.0740454620899529,1.18));
#4049=CARTESIAN_POINT('',(1.61536206278435,0.0740454620899529,1.17));
#4050=CARTESIAN_POINT('Origin',(1.61536206278435,0.362816349676758,1.17));
#4051=CARTESIAN_POINT('',(1.61536206278435,0.362816349676758,1.17));
#4052=CARTESIAN_POINT('',(1.61536206278435,0.362816349676758,1.18));
#4053=CARTESIAN_POINT('Origin',(1.52265445652379,0.235357334144481,1.18));
#4054=CARTESIAN_POINT('Origin',(1.52265445652379,0.235357334144481,1.17));
#4055=CARTESIAN_POINT('Origin',(1.42775279629129,0.0567148685569685,1.17));
#4056=CARTESIAN_POINT('',(1.06766961072469,0.039384275023985,1.17));
#4057=CARTESIAN_POINT('',(1.27010652893018,-0.26748862369305,1.17));
#4058=CARTESIAN_POINT('Origin',(1.42775279629129,0.0567148685569685,1.17));
#4059=CARTESIAN_POINT('',(1.27010652893018,-0.26748862369305,1.18));
#4060=CARTESIAN_POINT('',(1.27010652893018,-0.26748862369305,1.17));
#4061=CARTESIAN_POINT('',(1.06766961072469,0.039384275023985,1.18));
#4062=CARTESIAN_POINT('Origin',(1.42775279629129,0.0567148685569685,1.18));
#4063=CARTESIAN_POINT('',(1.06766961072469,0.039384275023985,1.17));
#4064=CARTESIAN_POINT('Origin',(1.27010652893018,0.039384275023985,1.17));
#4065=CARTESIAN_POINT('',(1.27010652893018,0.039384275023985,1.17));
#4066=CARTESIAN_POINT('',(1.27010652893018,0.039384275023985,1.17));
#4067=CARTESIAN_POINT('',(1.27010652893018,0.039384275023985,1.18));
#4068=CARTESIAN_POINT('',(1.27010652893018,0.039384275023985,1.18));
#4069=CARTESIAN_POINT('',(1.27010652893018,0.039384275023985,1.17));
#4070=CARTESIAN_POINT('Origin',(1.27010652893018,-0.26748862369305,1.17));
#4071=CARTESIAN_POINT('',(1.27010652893018,-0.26748862369305,1.17));
#4072=CARTESIAN_POINT('',(1.27010652893018,-0.26748862369305,1.18));
#4073=CARTESIAN_POINT('Origin',(1.19767207795736,-0.0818279885774517,1.18));
#4074=CARTESIAN_POINT('Origin',(1.19767207795736,-0.0818279885774517,1.17));
#4075=CARTESIAN_POINT('Origin',(1.42775279629129,0.056714868556971,1.17));
#4076=CARTESIAN_POINT('',(1.30474737094407,-0.282150761649382,1.17));
#4077=CARTESIAN_POINT('',(1.7878359818579,0.039384275023985,1.17));
#4078=CARTESIAN_POINT('Origin',(1.42775279629129,0.056714868556971,1.17));
#4079=CARTESIAN_POINT('',(1.7878359818579,0.039384275023985,1.18));
#4080=CARTESIAN_POINT('',(1.7878359818579,0.039384275023985,1.17));
#4081=CARTESIAN_POINT('',(1.30474737094407,-0.282150761649382,1.18));
#4082=CARTESIAN_POINT('Origin',(1.42775279629129,0.056714868556971,1.18));
#4083=CARTESIAN_POINT('',(1.30474737094407,-0.282150761649382,1.17));
#4084=CARTESIAN_POINT('Origin',(1.30474737094407,0.039384275023985,1.17));
#4085=CARTESIAN_POINT('',(1.30474737094407,0.039384275023985,1.17));
#4086=CARTESIAN_POINT('',(1.30474737094407,0.039384275023985,1.17));
#4087=CARTESIAN_POINT('',(1.30474737094407,0.039384275023985,1.18));
#4088=CARTESIAN_POINT('',(1.30474737094407,0.039384275023985,1.18));
#4089=CARTESIAN_POINT('',(1.30474737094407,0.039384275023985,1.17));
#4090=CARTESIAN_POINT('Origin',(1.30599520080518,0.039384275023985,1.17));
#4091=CARTESIAN_POINT('',(1.30599520080518,0.039384275023985,1.17));
#4092=CARTESIAN_POINT('',(1.30599520080518,0.039384275023985,1.17));
#4093=CARTESIAN_POINT('',(1.30599520080518,0.039384275023985,1.18));
#4094=CARTESIAN_POINT('',(1.30599520080518,0.039384275023985,1.18));
#4095=CARTESIAN_POINT('',(1.30599520080518,0.039384275023985,1.17));
#4096=CARTESIAN_POINT('Origin',(1.61536206278435,-0.24938661256282,1.17));
#4097=CARTESIAN_POINT('',(1.61536206278435,-0.24938661256282,1.17));
#4098=CARTESIAN_POINT('',(1.61536206278435,-0.24938661256282,1.17));
#4099=CARTESIAN_POINT('',(1.61536206278435,-0.24938661256282,1.18));
#4100=CARTESIAN_POINT('',(1.61536206278435,-0.24938661256282,1.18));
#4101=CARTESIAN_POINT('',(1.61536206278435,-0.24938661256282,1.17));
#4102=CARTESIAN_POINT('Origin',(1.61536206278435,0.039384275023985,1.17));
#4103=CARTESIAN_POINT('',(1.61536206278435,0.039384275023985,1.17));
#4104=CARTESIAN_POINT('',(1.61536206278435,0.039384275023985,1.17));
#4105=CARTESIAN_POINT('',(1.61536206278435,0.039384275023985,1.18));
#4106=CARTESIAN_POINT('',(1.61536206278435,0.039384275023985,1.18));
#4107=CARTESIAN_POINT('',(1.61536206278435,0.039384275023985,1.17));
#4108=CARTESIAN_POINT('Origin',(1.7878359818579,0.039384275023985,1.17));
#4109=CARTESIAN_POINT('',(1.7878359818579,0.039384275023985,1.17));
#4110=CARTESIAN_POINT('',(1.7878359818579,0.039384275023985,1.18));
#4111=CARTESIAN_POINT('Origin',(1.52265445652379,-0.121927597030542,1.18));
#4112=CARTESIAN_POINT('Origin',(1.52265445652379,-0.121927597030542,1.17));
#4113=CARTESIAN_POINT('Origin',(1.64576435228088,-0.670976781833654,1.17));
#4114=CARTESIAN_POINT('',(1.64576435228088,-0.670976781833654,1.17));
#4115=CARTESIAN_POINT('',(1.64576435228088,-0.524939997979492,1.17));
#4116=CARTESIAN_POINT('',(1.64576435228088,-0.633023698619937,1.17));
#4117=CARTESIAN_POINT('',(1.64576435228088,-0.670976781833654,1.18));
#4118=CARTESIAN_POINT('',(1.64576435228088,-0.670976781833654,1.17));
#4119=CARTESIAN_POINT('',(1.64576435228088,-0.524939997979492,1.18));
#4120=CARTESIAN_POINT('',(1.64576435228088,-0.633023698619937,1.18));
#4121=CARTESIAN_POINT('',(1.64576435228088,-0.524939997979492,1.17));
#4122=CARTESIAN_POINT('Origin',(1.47571681759521,-0.672861060647373,1.17));
#4123=CARTESIAN_POINT('',(1.64012006426427,-0.716349990778979,1.17));
#4124=CARTESIAN_POINT('Origin',(1.47571681759521,-0.672861060647373,1.17));
#4125=CARTESIAN_POINT('',(1.64012006426427,-0.716349990778979,1.18));
#4126=CARTESIAN_POINT('',(1.64012006426427,-0.716349990778979,1.17));
#4127=CARTESIAN_POINT('Origin',(1.47571681759521,-0.672861060647373,1.18));
#4128=CARTESIAN_POINT('Origin',(1.57375852442049,-0.697984162032356,1.17));
#4129=CARTESIAN_POINT('',(1.51815451862771,-0.738596379107814,1.17));
#4130=CARTESIAN_POINT('Origin',(1.57375852442049,-0.697984162032356,1.17));
#4131=CARTESIAN_POINT('',(1.51815451862771,-0.738596379107814,1.18));
#4132=CARTESIAN_POINT('',(1.51815451862771,-0.738596379107814,1.17));
#4133=CARTESIAN_POINT('Origin',(1.57375852442049,-0.697984162032356,1.18));
#4134=CARTESIAN_POINT('Origin',(1.6712348543811,-0.643317867739165,1.17));
#4135=CARTESIAN_POINT('',(1.4911555198156,-0.634206491035047,1.17));
#4136=CARTESIAN_POINT('Origin',(1.6712348543811,-0.643317867739165,1.17));
#4137=CARTESIAN_POINT('',(1.4911555198156,-0.634206491035047,1.18));
#4138=CARTESIAN_POINT('',(1.4911555198156,-0.634206491035047,1.17));
#4139=CARTESIAN_POINT('Origin',(1.6712348543811,-0.643317867739165,1.18));
#4140=CARTESIAN_POINT('Origin',(1.4911555198156,-0.524939997979492,1.17));
#4141=CARTESIAN_POINT('',(1.4911555198156,-0.524939997979492,1.17));
#4142=CARTESIAN_POINT('',(1.4911555198156,-0.560005306692856,1.17));
#4143=CARTESIAN_POINT('',(1.4911555198156,-0.524939997979492,1.18));
#4144=CARTESIAN_POINT('',(1.4911555198156,-0.524939997979492,1.17));
#4145=CARTESIAN_POINT('',(1.4911555198156,-0.560005306692856,1.18));
#4146=CARTESIAN_POINT('Origin',(1.64576435228088,-0.524939997979492,1.17));
#4147=CARTESIAN_POINT('',(1.51292948282346,-0.524939997979492,1.17));
#4148=CARTESIAN_POINT('',(1.51292948282346,-0.524939997979492,1.18));
#4149=CARTESIAN_POINT('Origin',(1.08382723205518,-0.618201716729492,1.17));
#4150=CARTESIAN_POINT('',(1.08382723205518,-0.618201716729492,1.17));
#4151=CARTESIAN_POINT('',(1.21144496208991,-0.618201716729492,1.17));
#4152=CARTESIAN_POINT('',(1.08382723205518,-0.618201716729492,1.17));
#4153=CARTESIAN_POINT('',(1.21144496208991,-0.618201716729492,1.18));
#4154=CARTESIAN_POINT('',(1.21144496208991,-0.618201716729492,1.17));
#4155=CARTESIAN_POINT('',(1.08382723205518,-0.618201716729492,1.18));
#4156=CARTESIAN_POINT('',(1.08382723205518,-0.618201716729492,1.18));
#4157=CARTESIAN_POINT('',(1.08382723205518,-0.618201716729492,1.17));
#4158=CARTESIAN_POINT('Origin',(1.08382723205518,-0.291826391208658,1.17));
#4159=CARTESIAN_POINT('',(1.08382723205518,-0.291826391208658,1.17));
#4160=CARTESIAN_POINT('',(1.08382723205518,-0.291826391208658,1.17));
#4161=CARTESIAN_POINT('',(1.08382723205518,-0.291826391208658,1.18));
#4162=CARTESIAN_POINT('',(1.08382723205518,-0.291826391208658,1.18));
#4163=CARTESIAN_POINT('',(1.08382723205518,-0.291826391208658,1.17));
#4164=CARTESIAN_POINT('Origin',(1.21144496208991,-0.29182639120866,1.17));
#4165=CARTESIAN_POINT('',(1.21144496208991,-0.29182639120866,1.17));
#4166=CARTESIAN_POINT('',(1.21144496208991,-0.29182639120866,1.17));
#4167=CARTESIAN_POINT('',(1.21144496208991,-0.29182639120866,1.18));
#4168=CARTESIAN_POINT('',(1.21144496208991,-0.29182639120866,1.18));
#4169=CARTESIAN_POINT('',(1.21144496208991,-0.29182639120866,1.17));
#4170=CARTESIAN_POINT('Origin',(1.21144496208991,-0.38987597888227,1.17));
#4171=CARTESIAN_POINT('',(1.21144496208991,-0.38987597888227,1.17));
#4172=CARTESIAN_POINT('',(1.21144496208991,-0.38987597888227,1.17));
#4173=CARTESIAN_POINT('',(1.21144496208991,-0.38987597888227,1.18));
#4174=CARTESIAN_POINT('',(1.21144496208991,-0.38987597888227,1.18));
#4175=CARTESIAN_POINT('',(1.21144496208991,-0.38987597888227,1.17));
#4176=CARTESIAN_POINT('Origin',(1.64576435228088,-0.38987597888227,1.17));
#4177=CARTESIAN_POINT('',(1.64576435228088,-0.38987597888227,1.17));
#4178=CARTESIAN_POINT('',(1.64576435228088,-0.38987597888227,1.17));
#4179=CARTESIAN_POINT('',(1.64576435228088,-0.38987597888227,1.18));
#4180=CARTESIAN_POINT('',(1.64576435228088,-0.38987597888227,1.18));
#4181=CARTESIAN_POINT('',(1.64576435228088,-0.38987597888227,1.17));
#4182=CARTESIAN_POINT('Origin',(1.64576435228088,-0.29182639120866,1.17));
#4183=CARTESIAN_POINT('',(1.64576435228088,-0.29182639120866,1.17));
#4184=CARTESIAN_POINT('',(1.64576435228088,-0.29182639120866,1.17));
#4185=CARTESIAN_POINT('',(1.64576435228088,-0.29182639120866,1.18));
#4186=CARTESIAN_POINT('',(1.64576435228088,-0.29182639120866,1.18));
#4187=CARTESIAN_POINT('',(1.64576435228088,-0.29182639120866,1.17));
#4188=CARTESIAN_POINT('Origin',(1.78329012268018,-0.29182639120866,1.17));
#4189=CARTESIAN_POINT('',(1.78329012268018,-0.29182639120866,1.17));
#4190=CARTESIAN_POINT('',(1.78329012268018,-0.29182639120866,1.17));
#4191=CARTESIAN_POINT('',(1.78329012268018,-0.29182639120866,1.18));
#4192=CARTESIAN_POINT('',(1.78329012268018,-0.29182639120866,1.18));
#4193=CARTESIAN_POINT('',(1.78329012268018,-0.29182639120866,1.17));
#4194=CARTESIAN_POINT('Origin',(1.78329012268018,-0.695499351278101,1.17));
#4195=CARTESIAN_POINT('',(1.78329012268018,-0.695499351278101,1.17));
#4196=CARTESIAN_POINT('',(1.78329012268018,-0.695499351278101,1.17));
#4197=CARTESIAN_POINT('',(1.78329012268018,-0.695499351278101,1.18));
#4198=CARTESIAN_POINT('',(1.78329012268018,-0.695499351278101,1.18));
#4199=CARTESIAN_POINT('',(1.78329012268018,-0.695499351278101,1.17));
#4200=CARTESIAN_POINT('Origin',(1.54683775183465,-0.699466317503503,1.17));
#4201=CARTESIAN_POINT('',(1.75930215608434,-0.803313982023848,1.17));
#4202=CARTESIAN_POINT('Origin',(1.54683775183465,-0.699466317503503,1.17));
#4203=CARTESIAN_POINT('',(1.75930215608434,-0.803313982023848,1.18));
#4204=CARTESIAN_POINT('Origin',(1.54683775183465,-0.699466317503503,1.18));
#4205=CARTESIAN_POINT('',(1.75930215608434,-0.803313982023848,1.17));
#4206=CARTESIAN_POINT('Origin',(1.58773855188206,-0.706118845635423,1.17));
#4207=CARTESIAN_POINT('',(1.61885337969817,-0.900831023771294,1.17));
#4208=CARTESIAN_POINT('Origin',(1.58773855188206,-0.706118845635423,1.17));
#4209=CARTESIAN_POINT('',(1.61885337969817,-0.900831023771294,1.18));
#4210=CARTESIAN_POINT('Origin',(1.58773855188206,-0.706118845635423,1.18));
#4211=CARTESIAN_POINT('',(1.61885337969817,-0.900831023771294,1.17));
#4212=CARTESIAN_POINT('Origin',(1.57872769178403,-0.718671001333847,1.17));
#4213=CARTESIAN_POINT('',(1.52754600948469,-0.898038724188331,1.17));
#4214=CARTESIAN_POINT('Origin',(1.57872769178403,-0.718671001333847,1.17));
#4215=CARTESIAN_POINT('',(1.52754600948469,-0.898038724188331,1.18));
#4216=CARTESIAN_POINT('Origin',(1.57872769178403,-0.718671001333847,1.18));
#4217=CARTESIAN_POINT('',(1.52754600948469,-0.898038724188331,1.17));
#4218=CARTESIAN_POINT('Origin',(1.57786468396674,-0.71506570272973,1.17));
#4219=CARTESIAN_POINT('',(1.39790058274963,-0.775265518812824,1.17));
#4220=CARTESIAN_POINT('Origin',(1.57786468396674,-0.71506570272973,1.17));
#4221=CARTESIAN_POINT('',(1.39790058274963,-0.775265518812824,1.18));
#4222=CARTESIAN_POINT('Origin',(1.57786468396674,-0.71506570272973,1.18));
#4223=CARTESIAN_POINT('',(1.39790058274963,-0.775265518812824,1.17));
#4224=CARTESIAN_POINT('Origin',(1.23991532701604,-0.65601662236088,1.17));
#4225=CARTESIAN_POINT('',(1.3517922566153,-0.819305302181787,1.17));
#4226=CARTESIAN_POINT('Origin',(1.23991532701604,-0.65601662236088,1.17));
#4227=CARTESIAN_POINT('',(1.3517922566153,-0.819305302181787,1.18));
#4228=CARTESIAN_POINT('Origin',(1.23991532701604,-0.65601662236088,1.18));
#4229=CARTESIAN_POINT('',(1.3517922566153,-0.819305302181787,1.17));
#4230=CARTESIAN_POINT('Origin',(0.655144466935358,0.23336812918419,1.17));
#4231=CARTESIAN_POINT('',(1.18692239264546,-0.911468860826717,1.17));
#4232=CARTESIAN_POINT('Origin',(0.655144466935358,0.23336812918419,1.17));
#4233=CARTESIAN_POINT('',(1.18692239264546,-0.911468860826717,1.18));
#4234=CARTESIAN_POINT('Origin',(0.655144466935358,0.23336812918419,1.18));
#4235=CARTESIAN_POINT('',(1.18692239264546,-0.911468860826717,1.17));
#4236=CARTESIAN_POINT('Origin',(1.18692239264546,-0.997352107354492,1.17));
#4237=CARTESIAN_POINT('',(1.18692239264546,-0.997352107354492,1.17));
#4238=CARTESIAN_POINT('',(1.18692239264546,-0.997352107354492,1.17));
#4239=CARTESIAN_POINT('',(1.18692239264546,-0.997352107354492,1.18));
#4240=CARTESIAN_POINT('',(1.18692239264546,-0.997352107354492,1.18));
#4241=CARTESIAN_POINT('',(1.18692239264546,-0.997352107354492,1.17));
#4242=CARTESIAN_POINT('Origin',(1.08382723205518,-0.997352107354492,1.17));
#4243=CARTESIAN_POINT('',(1.08382723205518,-0.997352107354492,1.17));
#4244=CARTESIAN_POINT('',(1.08382723205518,-0.997352107354492,1.17));
#4245=CARTESIAN_POINT('',(1.08382723205518,-0.997352107354492,1.18));
#4246=CARTESIAN_POINT('',(1.08382723205518,-0.997352107354492,1.18));
#4247=CARTESIAN_POINT('',(1.08382723205518,-0.997352107354492,1.17));
#4248=CARTESIAN_POINT('Origin',(1.08382723205518,-0.810896486694769,1.17));
#4249=CARTESIAN_POINT('',(1.08382723205518,-0.810896486694768,1.17));
#4250=CARTESIAN_POINT('',(1.08382723205518,-0.810896486694769,1.17));
#4251=CARTESIAN_POINT('',(1.08382723205518,-0.810896486694768,1.18));
#4252=CARTESIAN_POINT('',(1.08382723205518,-0.810896486694769,1.18));
#4253=CARTESIAN_POINT('',(1.08382723205518,-0.810896486694768,1.17));
#4254=CARTESIAN_POINT('Origin',(0.581967474164911,0.416596468838045,1.17));
#4255=CARTESIAN_POINT('',(1.27300204804886,-0.715248657568123,1.17));
#4256=CARTESIAN_POINT('Origin',(0.581967474164911,0.416596468838045,1.17));
#4257=CARTESIAN_POINT('',(1.27300204804886,-0.715248657568123,1.18));
#4258=CARTESIAN_POINT('Origin',(0.581967474164911,0.416596468838045,1.18));
#4259=CARTESIAN_POINT('',(1.27300204804886,-0.715248657568123,1.17));
#4260=CARTESIAN_POINT('Origin',(1.12409065035499,-0.476255895879185,1.17));
#4261=CARTESIAN_POINT('',(1.34004126481375,-0.656969693409235,1.17));
#4262=CARTESIAN_POINT('Origin',(1.12409065035499,-0.476255895879185,1.17));
#4263=CARTESIAN_POINT('',(1.34004126481375,-0.656969693409235,1.18));
#4264=CARTESIAN_POINT('Origin',(1.12409065035499,-0.476255895879185,1.18));
#4265=CARTESIAN_POINT('',(1.34004126481375,-0.656969693409235,1.17));
#4266=CARTESIAN_POINT('Origin',(1.23477632038358,-0.572216252170189,1.17));
#4267=CARTESIAN_POINT('',(1.36353100809685,-0.613278214125326,1.17));
#4268=CARTESIAN_POINT('Origin',(1.23477632038358,-0.572216252170189,1.17));
#4269=CARTESIAN_POINT('',(1.36353100809685,-0.613278214125326,1.18));
#4270=CARTESIAN_POINT('Origin',(1.23477632038358,-0.572216252170189,1.18));
#4271=CARTESIAN_POINT('',(1.36353100809685,-0.613278214125326,1.17));
#4272=CARTESIAN_POINT('Origin',(1.36353100809685,-0.524939997979492,1.17));
#4273=CARTESIAN_POINT('',(1.36353100809685,-0.524939997979492,1.17));
#4274=CARTESIAN_POINT('',(1.36353100809685,-0.524939997979492,1.17));
#4275=CARTESIAN_POINT('',(1.36353100809685,-0.524939997979492,1.18));
#4276=CARTESIAN_POINT('',(1.36353100809685,-0.524939997979492,1.18));
#4277=CARTESIAN_POINT('',(1.36353100809685,-0.524939997979492,1.17));
#4278=CARTESIAN_POINT('Origin',(1.21144496208991,-0.524939997979492,1.17));
#4279=CARTESIAN_POINT('',(1.21144496208991,-0.524939997979492,1.17));
#4280=CARTESIAN_POINT('',(1.21144496208991,-0.524939997979492,1.17));
#4281=CARTESIAN_POINT('',(1.21144496208991,-0.524939997979492,1.18));
#4282=CARTESIAN_POINT('',(1.21144496208991,-0.524939997979492,1.18));
#4283=CARTESIAN_POINT('',(1.21144496208991,-0.524939997979492,1.17));
#4284=CARTESIAN_POINT('Origin',(1.21144496208991,-0.618201716729492,1.17));
#4285=CARTESIAN_POINT('',(1.21144496208991,-0.618201716729492,1.17));
#4286=CARTESIAN_POINT('',(1.21144496208991,-0.618201716729492,1.18));
#4287=CARTESIAN_POINT('Origin',(1.38009461336604,-0.59507061540622,1.18));
#4288=CARTESIAN_POINT('Origin',(1.38009461336604,-0.59507061540622,1.17));
#4289=UNCERTAINTY_MEASURE_WITH_UNIT(LENGTH_MEASURE(0.01),#4293,
'DISTANCE_ACCURACY_VALUE',
'Maximum model space distance between geometric entities at asserted c
onnectivities');
#4290=UNCERTAINTY_MEASURE_WITH_UNIT(LENGTH_MEASURE(0.01),#4293,
'DISTANCE_ACCURACY_VALUE',
'Maximum model space distance between geometric entities at asserted c
onnectivities');
#4291=(
GEOMETRIC_REPRESENTATION_CONTEXT(3)
GLOBAL_UNCERTAINTY_ASSIGNED_CONTEXT((#4289))
GLOBAL_UNIT_ASSIGNED_CONTEXT((#4293,#4295,#4294))
REPRESENTATION_CONTEXT('','3D')
);
#4292=(
GEOMETRIC_REPRESENTATION_CONTEXT(3)
GLOBAL_UNCERTAINTY_ASSIGNED_CONTEXT((#4290))
GLOBAL_UNIT_ASSIGNED_CONTEXT((#4293,#4295,#4294))
REPRESENTATION_CONTEXT('','3D')
);
#4293=(
LENGTH_UNIT()
NAMED_UNIT(*)
SI_UNIT(.MILLI.,.METRE.)
);
#4294=(
NAMED_UNIT(*)
SI_UNIT($,.STERADIAN.)
SOLID_ANGLE_UNIT()
);
#4295=(
NAMED_UNIT(*)
PLANE_ANGLE_UNIT()
SI_UNIT($,.RADIAN.)
);
#4296=SHAPE_DEFINITION_REPRESENTATION(#4297,#4298);
#4297=PRODUCT_DEFINITION_SHAPE('',$,#4300);
#4298=SHAPE_REPRESENTATION('',(#2653),#4291);
#4299=PRODUCT_DEFINITION_CONTEXT('part definition',#4304,'design');
#4300=PRODUCT_DEFINITION('Product','Product',#4301,#4299);
#4301=PRODUCT_DEFINITION_FORMATION('',$,#4306);
#4302=PRODUCT_RELATED_PRODUCT_CATEGORY('Product','Product',(#4306));
#4303=APPLICATION_PROTOCOL_DEFINITION('international standard',
'automotive_design',2009,#4304);
#4304=APPLICATION_CONTEXT(
'Core Data for Automotive Mechanical Design Process');
#4305=PRODUCT_CONTEXT('part definition',#4304,'mechanical');
#4306=PRODUCT('Product','Product',$,(#4305));
#4307=PRESENTATION_STYLE_ASSIGNMENT((#4310));
#4308=PRESENTATION_STYLE_ASSIGNMENT((#4311));
#4309=PRESENTATION_STYLE_ASSIGNMENT((#4312));
#4310=SURFACE_STYLE_USAGE(.BOTH.,#4313);
#4311=SURFACE_STYLE_USAGE(.BOTH.,#4314);
#4312=SURFACE_STYLE_USAGE(.BOTH.,#4315);
#4313=SURFACE_SIDE_STYLE('',(#4316));
#4314=SURFACE_SIDE_STYLE('',(#4317));
#4315=SURFACE_SIDE_STYLE('',(#4318));
#4316=SURFACE_STYLE_FILL_AREA(#4319);
#4317=SURFACE_STYLE_FILL_AREA(#4320);
#4318=SURFACE_STYLE_FILL_AREA(#4321);
#4319=FILL_AREA_STYLE('',(#4322));
#4320=FILL_AREA_STYLE('',(#4323));
#4321=FILL_AREA_STYLE('',(#4324));
#4322=FILL_AREA_STYLE_COLOUR('',#4325);
#4323=FILL_AREA_STYLE_COLOUR('',#4326);
#4324=FILL_AREA_STYLE_COLOUR('',#4327);
#4325=COLOUR_RGB('',0.329411764705882,0.329411764705882,0.329411764705882);
#4326=COLOUR_RGB('',0.866666666666667,0.866666666666667,0.866666666666667);
#4327=COLOUR_RGB('',1.,1.,1.);
ENDSEC;
END-ISO-10303-21;
